canonical_request_sha256,first,alias
b65a6478fa205a764519bc9efec97c2149f9936ef64a6a2aafe349694921efbe,vps/E-add-archer/9ccf07e41dd0a9dc808dbda7/A-B,vps/E-replace-archer/12f9cd46a5d34ad285ffa518/A-B
c14abffa723beb70afa0c8748d6700712304ccf27fc49718fac36a5656500a2d,vps/E-add-archer/9ccf07e41dd0a9dc808dbda7/B-A,vps/E-replace-archer/12f9cd46a5d34ad285ffa518/B-A
35be79c5c128b6e4343bfeefa1db2f2aeb0a0150c17aa99303e7622a603c351b,vps/E-add-archer/a336234b2bd2ac61331e39d4/A-B,vps/E-replace-archer/4978011e89a97396e14c8bef/A-B
49d4b23c42e173b1bcdc7cd48f22932e3a82504dd30129431f21b83876d94cb2,vps/E-add-archer/a336234b2bd2ac61331e39d4/B-A,vps/E-replace-archer/4978011e89a97396e14c8bef/B-A
6b4a529fbc125b23882833e0aed634bec1b5f0b2174c3e7ece269e3168b0f82f,vps/E-add-archer/00dd071ec3d5e4240f071c34/A-B,vps/E-replace-archer/5feacc2188c05a019a642231/A-B
7e4672019367fb02f1f4413e94829b3f5c23d2fa9d1ba5802105a04a62fdf6a1,vps/E-add-archer/00dd071ec3d5e4240f071c34/B-A,vps/E-replace-archer/5feacc2188c05a019a642231/B-A
ee9e20890d11662504f7fe1e38034c18b966e01cd6c9e5396948c62e4ef00edc,vps/E-add-archer/398b90b52047c0941593a85d/A-B,vps/E-replace-archer/99f70c12a266555e71e99ecf/A-B
6716753b8e8b76b4a64e3b17a97ed8046605bed1f7d8159437110a4c2a02ffa9,vps/E-add-archer/398b90b52047c0941593a85d/B-A,vps/E-replace-archer/99f70c12a266555e71e99ecf/B-A
48e91cc5c60b4a23d0c41ecf8e76efb72fdc2920ed45157d05c491a5401aaf4d,vps/E-add-archer/90452a8e0fc26bc011ac9c96/A-B,vps/E-replace-archer/9f364768337c73c6111ac5b3/A-B
55858bb50470dc54ca6230faf3d07e9cb4523579bc6c1e80b43072fb9bacfd34,vps/E-add-archer/90452a8e0fc26bc011ac9c96/B-A,vps/E-replace-archer/9f364768337c73c6111ac5b3/B-A
4597ad24b5a2e47b6a7dce9496a9b6f4b1f246dce33a40845b0982a200fb8806,vps/E-add-archer/99c5d6612d7675c557dec1d9/A-B,vps/E-replace-archer/a4494cb8317e1b5ce276377a/A-B
7c1e87a0769464bd834f5d84f3fd33eaf9071aabdb90673a4cec8f5b7383d2cf,vps/E-add-archer/99c5d6612d7675c557dec1d9/B-A,vps/E-replace-archer/a4494cb8317e1b5ce276377a/B-A
ae51cd0bcfe5cda59d49d32cc79c9d469986176d2d0f927e82dd174407503817,vps/E-add-archer/c9ccdab244010a047fb9c9d4/A-B,vps/E-replace-archer/ae78cf3097ea26ca734af437/A-B
f5cd8287fd3545c302e2653e3bfedb3205321542ec32364d1d7dffda8ed11492,vps/E-add-archer/c9ccdab244010a047fb9c9d4/B-A,vps/E-replace-archer/ae78cf3097ea26ca734af437/B-A
537e84a5d22464f8d7c1deb6dcd26c79055a7da287012c266bbcfe8efbbb8765,vps/E-add-archer/850240304cc7689b21861aca/A-B,vps/E-replace-archer/b88cbe95b60d4730889d7808/A-B
715ddcb52c63eb369b27e2863c2f74be561265d5ff08486ffb44d84d5cdc2917,vps/E-add-archer/850240304cc7689b21861aca/B-A,vps/E-replace-archer/b88cbe95b60d4730889d7808/B-A
e3925504a6cce1422fc610fe342508487c7dd5995657d3cefa27408a22864604,vps/E-add-archer/9dc70450af0d494f7577cfaf/A-B,vps/E-replace-archer/d0f67b1cf3273001866b3b20/A-B
579ab46e739ac9fb701f1df9021ed41769fee1e278b654c752fea55f4dd3cf28,vps/E-add-archer/9dc70450af0d494f7577cfaf/B-A,vps/E-replace-archer/d0f67b1cf3273001866b3b20/B-A
a5cef95da0740171d974b1b8238a058e26fade3fe8a8f09d6de3182d2fb25476,vps/E-add-archer/6aee354d6eadf446a8412bbd/A-B,vps/E-replace-archer/dc76c060ad79c1858b143732/A-B
22588da900fbea8c00b87d769132d035359f1c3deae9b763847a866d744b79ff,vps/E-add-archer/6aee354d6eadf446a8412bbd/B-A,vps/E-replace-archer/dc76c060ad79c1858b143732/B-A
c22025f6493eec19f3c3d4561a5a9ac893a983d0021eb2d68647a4814eeb29fd,vps/E-add-archer/b307f06eaa81875ba77a68f8/A-B,vps/E-replace-archer/ec14eda745d0ae404a0784a1/A-B
73390988fd74b7bd560745d989606f9ffcfc7dad9389eab1faea8f6d0f7e78a3,vps/E-add-archer/b307f06eaa81875ba77a68f8/B-A,vps/E-replace-archer/ec14eda745d0ae404a0784a1/B-A
092ff6440ba52367b900849f38396771039917fdafcad50e5a9b3669a0a1a448,vps/E-add-archer/b87b6dd2c0632336c0e9bbe4/A-B,vps/E-replace-archer/f0eda22f3b11a685074c2778/A-B
40e5890746cdbe0ba659fc1854a9e8c3218947407cf39f571ec0b4f63dfcca5c,vps/E-add-archer/b87b6dd2c0632336c0e9bbe4/B-A,vps/E-replace-archer/f0eda22f3b11a685074c2778/B-A
9858c7ffa1a6a847079e50482789f9a042cfeb281ada503d2c73d74b65c9d985,vps/E-add-knight/f500dc25fe52370e72ad9840/A-B,vps/E-replace-knight/1757b2d045faeaf4c559560b/A-B
151989b8d1b1c0ca759fab7eaf3b152abc03724944a1ef9ad70118e7a90322e4,vps/E-add-knight/f500dc25fe52370e72ad9840/B-A,vps/E-replace-knight/1757b2d045faeaf4c559560b/B-A
f5eaa97da71df5298d7c5b30554bec43da7311247b6bf61d3299b38dd99ce886,vps/E-replace-archer/f7f63efe2c9c6c893563d3d5/A-B,vps/E-replace-knight/470873acec0b28b2ba31c854/A-B
6a49a491a5ff72a4b8db0cc1fcd37742813f1f1a76d4b11bb02af21e20d1e1ce,vps/E-replace-archer/f7f63efe2c9c6c893563d3d5/B-A,vps/E-replace-knight/470873acec0b28b2ba31c854/B-A
efc4fdcd65621f58639b9a2c05b60cd02d32bd2145a7eeff7bf25c72464e8a79,vps/E-add-knight/794b28ce0e47672fcb7a3aed/A-B,vps/E-replace-knight/47707f4f8a43af474973623f/A-B
780a67a606c98875a90a136ddbc8152e9b394ac4c821bbd1585b13544ad23451,vps/E-add-knight/794b28ce0e47672fcb7a3aed/B-A,vps/E-replace-knight/47707f4f8a43af474973623f/B-A
00f252d5722657943a4cb0718ce0da7e8a4611896fa35ea5621c1322e14ef866,vps/E-replace-archer/0b0d813b67f8095be2fb9e5c/A-B,vps/E-replace-knight/4ad535e53b439d96800f0127/A-B
9000dde07f557a8d66b3ea4000e55211bbd45f04e3469db5cbc747249d14ba6c,vps/E-replace-archer/0b0d813b67f8095be2fb9e5c/B-A,vps/E-replace-knight/4ad535e53b439d96800f0127/B-A
5d1348b689763e1dec034bd25e10f3dd39bdddde41e7df7f9052f9365734cdc2,vps/E-add-knight/aa03d3c8f67f8ad197c5d24d/A-B,vps/E-replace-knight/4da22d2bf411e7d45c33b572/A-B
ed56ff380198eebe0b3347981f4f6894a2e22c6ed5990016ae2196c6364c290f,vps/E-add-knight/aa03d3c8f67f8ad197c5d24d/B-A,vps/E-replace-knight/4da22d2bf411e7d45c33b572/B-A
7021d39476c082c69391aa7d9d107c8598ae66c5b1828c73e129c275542d42fb,vps/E-replace-archer/745435b3295fc9540c87ad33/A-B,vps/E-replace-knight/56655803de58d0c88a529b40/A-B
0a6998a19d108d4ea47989fe9c9346eb6b099ed85b399e3702e1d1add2785d07,vps/E-replace-archer/745435b3295fc9540c87ad33/B-A,vps/E-replace-knight/56655803de58d0c88a529b40/B-A
be262af8d40c5c29de76cd4f06065710ebc47f483b3f67fcea0e69f66d5ceaa1,vps/E-add-knight/bef22a0e1e847471952eb629/A-B,vps/E-replace-knight/5ca59af42f4cd5f25641027b/A-B
9c342e15155ccf3566c9a20d69f1eaca1a551dcc50f665fab22c9d2429f9cc98,vps/E-add-knight/bef22a0e1e847471952eb629/B-A,vps/E-replace-knight/5ca59af42f4cd5f25641027b/B-A
d0fc8136b27c341b2b389664fd9cbfbae0b31d49eb10f409d3468b26031d2db5,vps/E-add-knight/2efabebacbed162837707c81/A-B,vps/E-replace-knight/6cb76eab41a7d7490a67b33b/A-B
5e1daaa5b52b45667e60f516d35ce1bbd3328cb3aaae21c7ec3934aad642822e,vps/E-add-knight/2efabebacbed162837707c81/B-A,vps/E-replace-knight/6cb76eab41a7d7490a67b33b/B-A
87844e416d861f5c9ead6ab9b78dcfb00006427ddc351bd0388c1eabd412ea8d,vps/E-add-knight/070bd0d19d9d35e280abdae1/A-B,vps/E-replace-knight/7b7068f553b1a513735c821b/A-B
e137c8706ef5acd42c2d3113acb60f6a980b709cb9423e1758161e5fa6ce3ea3,vps/E-add-knight/070bd0d19d9d35e280abdae1/B-A,vps/E-replace-knight/7b7068f553b1a513735c821b/B-A
6505d546bd60966af34fcd6dcf062bdf8ed80e85b057fa20cd5de98e8019caa5,vps/E-add-knight/1c05a04d239ff4059522226b/A-B,vps/E-replace-knight/8aed57feedf5e831df679f0d/A-B
e35cd5aa8ade7e80792be33c8b882623f30c7473e12e4f30159150af28b1531a,vps/E-add-knight/1c05a04d239ff4059522226b/B-A,vps/E-replace-knight/8aed57feedf5e831df679f0d/B-A
3d79ed5983c89d0022c51a128734a7b36a8941c07b48f432dd6f260a0059cec7,vps/E-replace-archer/55bc71d8fe3795ec5ce5b448/A-B,vps/E-replace-knight/8f03b75d24b9d440b7d52be5/A-B
b539cabaf72f26f266d867628052db7ffc7cfa333da902e943ce8bd34a752c17,vps/E-replace-archer/55bc71d8fe3795ec5ce5b448/B-A,vps/E-replace-knight/8f03b75d24b9d440b7d52be5/B-A
4970d1f6b5265fad201517f3825ff40d79aa8b20306bc545f88c8e11a313708e,vps/E-replace-archer/a5e16e2cbf0b5a6ccf781ae0/A-B,vps/E-replace-knight/a26026f437f9f1fac3cd2c65/A-B
0243eeadabcc14bc5e95fa1b391f9a0fbfc6c55db116c0e75d961227e7785c42,vps/E-replace-archer/a5e16e2cbf0b5a6ccf781ae0/B-A,vps/E-replace-knight/a26026f437f9f1fac3cd2c65/B-A
2a1d1503a117713d05836a468b6a0d0d39d7d08702d9ca68ffe56c89d6f08704,vps/E-replace-archer/6fbb074c413fdde0bd456b4c/A-B,vps/E-replace-knight/a53fd2c94e9e8f36093335ad/A-B
cdd056f355bfd3009ca6798847f425d092b2fa95fee94cbb9f1b9d30918fd936,vps/E-replace-archer/6fbb074c413fdde0bd456b4c/B-A,vps/E-replace-knight/a53fd2c94e9e8f36093335ad/B-A
f6ab04f25f23acc16321c07d20e652c167d2da367dd3b2e1288b7184f3b59d9c,vps/E-add-knight/6202c92b1cb8143ebcb0cfbf/A-B,vps/E-replace-knight/ae0ae3aa59cdcc145bb620d4/A-B
303c04b0c4ade3a3311bcd14b5016d5615a58aa5017c7c918cabfc09f8ed53e4,vps/E-add-knight/6202c92b1cb8143ebcb0cfbf/B-A,vps/E-replace-knight/ae0ae3aa59cdcc145bb620d4/B-A
e8ace81187585f9a9799ca32812522681ac41a635a15cad6f908602359c5924d,vps/E-add-knight/2e7d91b0bfb312cae574c25a/A-B,vps/E-replace-knight/b3ff8548f0c7aaf0c4a177de/A-B
efae91d1ed12f877be4990b4e3359b2e883e22c52802dc93c28ac8ab47910dd2,vps/E-add-knight/2e7d91b0bfb312cae574c25a/B-A,vps/E-replace-knight/b3ff8548f0c7aaf0c4a177de/B-A
3ba56ad4632dc7988935b5dae7fbe86c668cec79319163f4430194ba6669d3e5,vps/E-add-knight/8e6a165a497b2b01d8f605f3/A-B,vps/E-replace-knight/c184c825c852554100efe052/A-B
efa865b6e6994c746eb98a831b6871c218270231d8e6b21a92f83c550b0766ea,vps/E-add-knight/8e6a165a497b2b01d8f605f3/B-A,vps/E-replace-knight/c184c825c852554100efe052/B-A
a83d5f0040763149f6b44340db00b94dba4c78d70addf03967778832995e1872,vps/E-add-knight/7372c551506e00920f970eb2/A-B,vps/E-replace-knight/c615f0e5b0a8caec306eb3cc/A-B
e3d768e5053fa36bcb00289b8845073b6b53b06d8b9d2999b8e222b9d2e1bcb4,vps/E-add-knight/7372c551506e00920f970eb2/B-A,vps/E-replace-knight/c615f0e5b0a8caec306eb3cc/B-A
587a0b6c8fbf92e9e393e63a374c6bdc95fc594470b7c8ee42ee3df5c4a6b8ef,vps/E-replace-archer/9a2a5368319c50a482aa6d99/A-B,vps/E-replace-knight/c7b2d81c75cd90ce4dba13ba/A-B
cab79020193af6f55744135f0197a1630e3c2215411e9bdd269a836e052ec646,vps/E-replace-archer/9a2a5368319c50a482aa6d99/B-A,vps/E-replace-knight/c7b2d81c75cd90ce4dba13ba/B-A
e1e29aab7102365136b614a54a8aeb0bee449145f3bc465a205963f9f554f006,vps/E-replace-archer/5d2fc3e3fd07dafd12170519/A-B,vps/E-replace-knight/ca5b04c4b643775f38057d6f/A-B
0c2b4bb54f68750a49827995ac5ca7c41b885ac68f663af9b71cf4658f802372,vps/E-replace-archer/5d2fc3e3fd07dafd12170519/B-A,vps/E-replace-knight/ca5b04c4b643775f38057d6f/B-A
6d407622c60b016795f97c89a6a5574696df9124c61c66dd231ce4e7c7aa2393,vps/E-replace-archer/87982bc49a7f59efdf278c83/A-B,vps/E-replace-knight/cf9333b4c7dd16906611e0a5/A-B
5b40b5d08240a3cb41ac0662b746bf7848264fd5d59a18b9cccd174e1c8a970f,vps/E-replace-archer/87982bc49a7f59efdf278c83/B-A,vps/E-replace-knight/cf9333b4c7dd16906611e0a5/B-A
9ca322cb96477f8f2d6b2e7673307285a8c1ac1a2124cfb6ddfbf09efb0d4075,vps/E-replace-archer/397711b4a7d6737052eb7b1f/A-B,vps/E-replace-knight/e790eeaa747d1cbac4c0f817/A-B
0ef488184d72f1f098ab6566fb80c72140d7078400dd1a9587141fe8b34a13ec,vps/E-replace-archer/397711b4a7d6737052eb7b1f/B-A,vps/E-replace-knight/e790eeaa747d1cbac4c0f817/B-A
647ab88a83aa6f834990989ca24911ddf969595c4a5f5d85e2c151fdaebac92b,vps/E-replace-archer/abca63f68f362c7686c849bd/A-B,vps/E-replace-knight/f5b9d2009faa8e0b85353070/A-B
cb5849664fb65ac00466aa61563a1f9baace77ad985b9c02a92e371cf45b1603,vps/E-replace-archer/abca63f68f362c7686c849bd/B-A,vps/E-replace-knight/f5b9d2009faa8e0b85353070/B-A
a5bb96235bf6f9a76b769ff737d8e922df94b0a52f749525853085cd022bf3ef,vps/E-replace-archer/1fa1c1b11f6d1deb4a7bf1bd/A-B,vps/E-replace-knight/f7e76f02189acad138862fa9/A-B
8a5fbdbf1b558dc200eab97d67343355792afdf24d5bbb0e91f754b86f3a02ef,vps/E-replace-archer/1fa1c1b11f6d1deb4a7bf1bd/B-A,vps/E-replace-knight/f7e76f02189acad138862fa9/B-A
1178f1206facb99d474deb6896610eb381b51065a110d670b64abf6c01184760,vps/E-add-knight/f79585a97486e8049bd722f8/A-B,vps/E-replace-knight/fbcf16111faf64121c06f54b/A-B
db8d3921ad4c7ffbcfdfcbf53d72da2e8c438f83b03f5de5e5b8aab344978ab5,vps/E-add-knight/f79585a97486e8049bd722f8/B-A,vps/E-replace-knight/fbcf16111faf64121c06f54b/B-A
3d79ed5983c89d0022c51a128734a7b36a8941c07b48f432dd6f260a0059cec7,vps/E-replace-archer/55bc71d8fe3795ec5ce5b448/A-B,vps/E-replace-spearman/00a612d430b86c2d0e8f096d/A-B
b539cabaf72f26f266d867628052db7ffc7cfa333da902e943ce8bd34a752c17,vps/E-replace-archer/55bc71d8fe3795ec5ce5b448/B-A,vps/E-replace-spearman/00a612d430b86c2d0e8f096d/B-A
6d407622c60b016795f97c89a6a5574696df9124c61c66dd231ce4e7c7aa2393,vps/E-replace-archer/87982bc49a7f59efdf278c83/A-B,vps/E-replace-spearman/09b510717dde508a72882abf/A-B
5b40b5d08240a3cb41ac0662b746bf7848264fd5d59a18b9cccd174e1c8a970f,vps/E-replace-archer/87982bc49a7f59efdf278c83/B-A,vps/E-replace-spearman/09b510717dde508a72882abf/B-A
e1e15074299de68705a0c780b2d3fb59197c1aac103ae07319f15d754de45d5a,vps/E-add-spearman/434aec90af86a3e2d037dbae/A-B,vps/E-replace-spearman/0d7a0b0efc458252ad737cca/A-B
40db732252fdbb4c83d829c619b8c5bb7675d6c707874829d4ef7d7f6be59e56,vps/E-add-spearman/434aec90af86a3e2d037dbae/B-A,vps/E-replace-spearman/0d7a0b0efc458252ad737cca/B-A
85f859f840726422ec7d710e5557c9d3b6715fd7fc74bfe34607d4d92c94e777,vps/E-add-spearman/62db35f9f62df083f31642e7/A-B,vps/E-replace-spearman/0dcc2a0f39503e72434c60d0/A-B
03908c0fa4ced8ca60a7e0fb3a0f39260e015950626c7db85dad0402f2d3619e,vps/E-add-spearman/62db35f9f62df083f31642e7/B-A,vps/E-replace-spearman/0dcc2a0f39503e72434c60d0/B-A
7021d39476c082c69391aa7d9d107c8598ae66c5b1828c73e129c275542d42fb,vps/E-replace-archer/745435b3295fc9540c87ad33/A-B,vps/E-replace-spearman/107478c931c236219443ffad/A-B
0a6998a19d108d4ea47989fe9c9346eb6b099ed85b399e3702e1d1add2785d07,vps/E-replace-archer/745435b3295fc9540c87ad33/B-A,vps/E-replace-spearman/107478c931c236219443ffad/B-A
ac0328d7e848fe34c754caa6b9c4b0ed2030d2e4d6fcccd1ed330988caf253df,vps/E-add-spearman/2e55cb04674afb04ce6d78fd/A-B,vps/E-replace-spearman/181653887e22a206287ca1e1/A-B
cdf02ca8a3da35cbdb52ea241c610d7fdc069d44ffd601725625d6de3e1c67e1,vps/E-add-spearman/2e55cb04674afb04ce6d78fd/B-A,vps/E-replace-spearman/181653887e22a206287ca1e1/B-A
4227f054b87e527b1d1b0274ed1998e330c5df10704580221a9b575b4a8798c6,vps/E-add-spearman/425418f730169494e3adc880/A-B,vps/E-replace-spearman/26b36fe60cae3487b3c3dbcc/A-B
ed29d7971438fc1a049999694ca61a2424e52dc6124815c6cadb6b6c1daaffd8,vps/E-add-spearman/425418f730169494e3adc880/B-A,vps/E-replace-spearman/26b36fe60cae3487b3c3dbcc/B-A
58cd7ae8deb38800a7970576196ee8f591af45338dcec1590dcfba297fa69701,vps/E-add-spearman/ec04c5121a7d52ddc9756d30/A-B,vps/E-replace-spearman/2952380838ef7eec34710a9c/A-B
71c1edf0b3076609f0d5f6632549a6592128c1a272b42a58354f9fb187b4a370,vps/E-add-spearman/ec04c5121a7d52ddc9756d30/B-A,vps/E-replace-spearman/2952380838ef7eec34710a9c/B-A
00f252d5722657943a4cb0718ce0da7e8a4611896fa35ea5621c1322e14ef866,vps/E-replace-archer/0b0d813b67f8095be2fb9e5c/A-B,vps/E-replace-spearman/2ada73e47faf64e8b8151368/A-B
9000dde07f557a8d66b3ea4000e55211bbd45f04e3469db5cbc747249d14ba6c,vps/E-replace-archer/0b0d813b67f8095be2fb9e5c/B-A,vps/E-replace-spearman/2ada73e47faf64e8b8151368/B-A
e1e29aab7102365136b614a54a8aeb0bee449145f3bc465a205963f9f554f006,vps/E-replace-archer/5d2fc3e3fd07dafd12170519/A-B,vps/E-replace-spearman/3888bddd97c323c28bcca668/A-B
0c2b4bb54f68750a49827995ac5ca7c41b885ac68f663af9b71cf4658f802372,vps/E-replace-archer/5d2fc3e3fd07dafd12170519/B-A,vps/E-replace-spearman/3888bddd97c323c28bcca668/B-A
b965633c898c10ac48cc0b945d886ca291a7c3df9f2bc8fbbd6924891bba8756,vps/E-add-spearman/13c17edd7184e78626efe0e6/A-B,vps/E-replace-spearman/42aee27ab4fee39c7b4737de/A-B
04d26513bee41f8de98ab49cd97c992b3a0017b0ad91dc428f6066f007ce270c,vps/E-add-spearman/13c17edd7184e78626efe0e6/B-A,vps/E-replace-spearman/42aee27ab4fee39c7b4737de/B-A
2bc6219638d312265f5c45e3ff80bf6b75c9c3992211780b96db52997872da32,vps/E-add-spearman/bc729ce861a1e4e74ac8c3b7/A-B,vps/E-replace-spearman/51b1a872db33e8df96fabb23/A-B
120c55e4f29e4d0105d6cc15c34f2d0b90e315f38cd4336b4554e662eda73d66,vps/E-add-spearman/bc729ce861a1e4e74ac8c3b7/B-A,vps/E-replace-spearman/51b1a872db33e8df96fabb23/B-A
4cc7756faf4200e045b276dd9746f81803d06dbd345a04f815c1b28930e8f1c5,vps/E-add-spearman/35a66253027fbcf944d803b3/A-B,vps/E-replace-spearman/657980aa19e2a3ed2fc32fe4/A-B
473f29f635d7cddbe224f67088634db9686a5b19e0094a96473b0f27244d2424,vps/E-add-spearman/35a66253027fbcf944d803b3/B-A,vps/E-replace-spearman/657980aa19e2a3ed2fc32fe4/B-A
b73591b9f6abc73a280ac0ee1d8386bcade85430256e3f726b2cbcc088927d4b,vps/E-add-spearman/622a2253c3746b18433c41e5/A-B,vps/E-replace-spearman/7eab6eff4dbcc285f5a68609/A-B
e86c1609971a59d6f6f7f1964467fd28673b2257a151e6057fcb3bec365002f1,vps/E-add-spearman/622a2253c3746b18433c41e5/B-A,vps/E-replace-spearman/7eab6eff4dbcc285f5a68609/B-A
7d7abac10e512ec2c70d5d25a59d0d144ba2b19ce4372cc4f09baf310123eafb,vps/E-add-spearman/c45381ea256809e530a34a5d/A-B,vps/E-replace-spearman/9ef2c9b0cdc263402152be1e/A-B
75facca78d59da8acebf5520dc1aec84674008dca00e85ffe5137a6371d683bd,vps/E-add-spearman/c45381ea256809e530a34a5d/B-A,vps/E-replace-spearman/9ef2c9b0cdc263402152be1e/B-A
f5eaa97da71df5298d7c5b30554bec43da7311247b6bf61d3299b38dd99ce886,vps/E-replace-archer/f7f63efe2c9c6c893563d3d5/A-B,vps/E-replace-spearman/a1c6c0c4a11b67c697c961d3/A-B
6a49a491a5ff72a4b8db0cc1fcd37742813f1f1a76d4b11bb02af21e20d1e1ce,vps/E-replace-archer/f7f63efe2c9c6c893563d3d5/B-A,vps/E-replace-spearman/a1c6c0c4a11b67c697c961d3/B-A
d008a6c4cea3edb58d3e49bd4fe6a9dc06177f8442e6495e138e98d884af187e,vps/E-add-spearman/91a281d9a049b950bd802b34/A-B,vps/E-replace-spearman/a2283a0e836f5582326d8584/A-B
bcbc877f0cf8b1db3ca6328cc8d75854e56dc0b5735561ddaff5ce14c2a229f6,vps/E-add-spearman/91a281d9a049b950bd802b34/B-A,vps/E-replace-spearman/a2283a0e836f5582326d8584/B-A
2a1d1503a117713d05836a468b6a0d0d39d7d08702d9ca68ffe56c89d6f08704,vps/E-replace-archer/6fbb074c413fdde0bd456b4c/A-B,vps/E-replace-spearman/a645a93eaa7d3a37ae0160c4/A-B
cdd056f355bfd3009ca6798847f425d092b2fa95fee94cbb9f1b9d30918fd936,vps/E-replace-archer/6fbb074c413fdde0bd456b4c/B-A,vps/E-replace-spearman/a645a93eaa7d3a37ae0160c4/B-A
647ab88a83aa6f834990989ca24911ddf969595c4a5f5d85e2c151fdaebac92b,vps/E-replace-archer/abca63f68f362c7686c849bd/A-B,vps/E-replace-spearman/ab51c81efb57731b4d3a2cde/A-B
cb5849664fb65ac00466aa61563a1f9baace77ad985b9c02a92e371cf45b1603,vps/E-replace-archer/abca63f68f362c7686c849bd/B-A,vps/E-replace-spearman/ab51c81efb57731b4d3a2cde/B-A
9ca322cb96477f8f2d6b2e7673307285a8c1ac1a2124cfb6ddfbf09efb0d4075,vps/E-replace-archer/397711b4a7d6737052eb7b1f/A-B,vps/E-replace-spearman/bfe6eaebc58b46876e799add/A-B
0ef488184d72f1f098ab6566fb80c72140d7078400dd1a9587141fe8b34a13ec,vps/E-replace-archer/397711b4a7d6737052eb7b1f/B-A,vps/E-replace-spearman/bfe6eaebc58b46876e799add/B-A
4970d1f6b5265fad201517f3825ff40d79aa8b20306bc545f88c8e11a313708e,vps/E-replace-archer/a5e16e2cbf0b5a6ccf781ae0/A-B,vps/E-replace-spearman/c8abd36e7b984d777a0368d1/A-B
0243eeadabcc14bc5e95fa1b391f9a0fbfc6c55db116c0e75d961227e7785c42,vps/E-replace-archer/a5e16e2cbf0b5a6ccf781ae0/B-A,vps/E-replace-spearman/c8abd36e7b984d777a0368d1/B-A
a5bb96235bf6f9a76b769ff737d8e922df94b0a52f749525853085cd022bf3ef,vps/E-replace-archer/1fa1c1b11f6d1deb4a7bf1bd/A-B,vps/E-replace-spearman/deebdda60e8e9206e969fd10/A-B
8a5fbdbf1b558dc200eab97d67343355792afdf24d5bbb0e91f754b86f3a02ef,vps/E-replace-archer/1fa1c1b11f6d1deb4a7bf1bd/B-A,vps/E-replace-spearman/deebdda60e8e9206e969fd10/B-A
54b8eb5652e7a14e2d23dbf5a122ee8f8758e3e126c18b1c2077bfe200269275,vps/E-add-spearman/12fb134e3b9e69cb8830ba03/A-B,vps/E-replace-spearman/f3fe887bc15ab3dabda3e5cd/A-B
078641e562821c4012d1a24d08878af3f97f45aea622350727a2eb5edcbd524c,vps/E-add-spearman/12fb134e3b9e69cb8830ba03/B-A,vps/E-replace-spearman/f3fe887bc15ab3dabda3e5cd/B-A
587a0b6c8fbf92e9e393e63a374c6bdc95fc594470b7c8ee42ee3df5c4a6b8ef,vps/E-replace-archer/9a2a5368319c50a482aa6d99/A-B,vps/E-replace-spearman/f959dc8360e16020f6505609/A-B
cab79020193af6f55744135f0197a1630e3c2215411e9bdd269a836e052ec646,vps/E-replace-archer/9a2a5368319c50a482aa6d99/B-A,vps/E-replace-spearman/f959dc8360e16020f6505609/B-A
1cac9ff5f47b50431bc0747a569066b75879f95213d2a05c377981761238ca73,vps/E-replace-spearman/c33c6acb735e6a9562329bbf/A-B,vps/segments/X-simplex-b12000-vs-archer/08c256fe7270ea3a8699a256/A-B
cb4be49b6f4583d209c2270875d9190f79104ccb5ee7c7f0450737381e6080d1,vps/E-replace-spearman/c33c6acb735e6a9562329bbf/B-A,vps/segments/X-simplex-b12000-vs-archer/08c256fe7270ea3a8699a256/B-A
4227f054b87e527b1d1b0274ed1998e330c5df10704580221a9b575b4a8798c6,vps/E-add-spearman/425418f730169494e3adc880/A-B,vps/segments/X-simplex-b12000-vs-archer/44e9de33be9be0d60bf439bc/A-B
ed29d7971438fc1a049999694ca61a2424e52dc6124815c6cadb6b6c1daaffd8,vps/E-add-spearman/425418f730169494e3adc880/B-A,vps/segments/X-simplex-b12000-vs-archer/44e9de33be9be0d60bf439bc/B-A
6505d546bd60966af34fcd6dcf062bdf8ed80e85b057fa20cd5de98e8019caa5,vps/E-add-knight/1c05a04d239ff4059522226b/A-B,vps/segments/X-simplex-b12000-vs-archer/6950c2903d4bbd94b723517c/A-B
e35cd5aa8ade7e80792be33c8b882623f30c7473e12e4f30159150af28b1531a,vps/E-add-knight/1c05a04d239ff4059522226b/B-A,vps/segments/X-simplex-b12000-vs-archer/6950c2903d4bbd94b723517c/B-A
d57c0af31f6bbb6cc9f857310e70063ee23bdb9d073e21721fc2f3a4a4462d49,vps/E-replace-archer/008c6dca3d94495af297718b/A-B,vps/segments/X-simplex-b12000-vs-archer/750dc72d9f472f850dcd3b32/A-B
024b0f466005911d1b6387a6cbdcdd4082416a8cd3e316cefb9badabfed4cf7c,vps/E-replace-archer/008c6dca3d94495af297718b/B-A,vps/segments/X-simplex-b12000-vs-archer/750dc72d9f472f850dcd3b32/B-A
00f252d5722657943a4cb0718ce0da7e8a4611896fa35ea5621c1322e14ef866,vps/E-replace-archer/0b0d813b67f8095be2fb9e5c/A-B,vps/segments/X-simplex-b12000-vs-archer/827f6a64b375ce15845b52ac/A-B
9000dde07f557a8d66b3ea4000e55211bbd45f04e3469db5cbc747249d14ba6c,vps/E-replace-archer/0b0d813b67f8095be2fb9e5c/B-A,vps/segments/X-simplex-b12000-vs-archer/827f6a64b375ce15845b52ac/B-A
0458267888d79b3d1ed60c67de173f14c959fd33dd997b678f1e13027eae64e3,vps/E-replace-knight/3885cb05513a090de831131f/A-B,vps/segments/X-simplex-b12000-vs-archer/9aa5f81e7418e4a4e6864fd7/A-B
fefccad4d68256562c197b0da077a5ff00328232090560b682897820ff617f89,vps/E-replace-knight/3885cb05513a090de831131f/B-A,vps/segments/X-simplex-b12000-vs-archer/9aa5f81e7418e4a4e6864fd7/B-A
a5cef95da0740171d974b1b8238a058e26fade3fe8a8f09d6de3182d2fb25476,vps/E-add-archer/6aee354d6eadf446a8412bbd/A-B,vps/segments/X-simplex-b12000-vs-archer/e63408dbeb56bc7a82bfc96a/A-B
22588da900fbea8c00b87d769132d035359f1c3deae9b763847a866d744b79ff,vps/E-add-archer/6aee354d6eadf446a8412bbd/B-A,vps/segments/X-simplex-b12000-vs-archer/e63408dbeb56bc7a82bfc96a/B-A
b965633c898c10ac48cc0b945d886ca291a7c3df9f2bc8fbbd6924891bba8756,vps/E-add-spearman/13c17edd7184e78626efe0e6/A-B,vps/segments/X-simplex-b12000-vs-knight/0b371bcb1a21a1dfe4e78b57/A-B
04d26513bee41f8de98ab49cd97c992b3a0017b0ad91dc428f6066f007ce270c,vps/E-add-spearman/13c17edd7184e78626efe0e6/B-A,vps/segments/X-simplex-b12000-vs-knight/0b371bcb1a21a1dfe4e78b57/B-A
35be79c5c128b6e4343bfeefa1db2f2aeb0a0150c17aa99303e7622a603c351b,vps/E-add-archer/a336234b2bd2ac61331e39d4/A-B,vps/segments/X-simplex-b12000-vs-knight/5000704eacb09546270896e5/A-B
49d4b23c42e173b1bcdc7cd48f22932e3a82504dd30129431f21b83876d94cb2,vps/E-add-archer/a336234b2bd2ac61331e39d4/B-A,vps/segments/X-simplex-b12000-vs-knight/5000704eacb09546270896e5/B-A
9ca322cb96477f8f2d6b2e7673307285a8c1ac1a2124cfb6ddfbf09efb0d4075,vps/E-replace-archer/397711b4a7d6737052eb7b1f/A-B,vps/segments/X-simplex-b12000-vs-knight/5a88520495343985994450e7/A-B
0ef488184d72f1f098ab6566fb80c72140d7078400dd1a9587141fe8b34a13ec,vps/E-replace-archer/397711b4a7d6737052eb7b1f/B-A,vps/segments/X-simplex-b12000-vs-knight/5a88520495343985994450e7/B-A
9bd46dae89a4eef716fdd9e8382d5d5f1adcfb9837a7e00657a0962575c2b0cb,vps/E-replace-knight/c8dec0e441c7b3fb70ae49bb/A-B,vps/segments/X-simplex-b12000-vs-knight/91479cc0e52ebe7e2bbdf1b0/A-B
126d8e9cda0458796e6cfcc52126a2f97898eb6d254158f009163fa31727222a,vps/E-replace-knight/c8dec0e441c7b3fb70ae49bb/B-A,vps/segments/X-simplex-b12000-vs-knight/91479cc0e52ebe7e2bbdf1b0/B-A
1178f1206facb99d474deb6896610eb381b51065a110d670b64abf6c01184760,vps/E-add-knight/f79585a97486e8049bd722f8/A-B,vps/segments/X-simplex-b12000-vs-knight/c230a07c565bdaf313c22a6a/A-B
db8d3921ad4c7ffbcfdfcbf53d72da2e8c438f83b03f5de5e5b8aab344978ab5,vps/E-add-knight/f79585a97486e8049bd722f8/B-A,vps/segments/X-simplex-b12000-vs-knight/c230a07c565bdaf313c22a6a/B-A
3d1d404f5cbd206f19535e46b814eee9f90f094e734f143d4f092be05f8c6de8,vps/E-replace-archer/cd262876375705859c517195/A-B,vps/segments/X-simplex-b12000-vs-knight/d1f015e45b7f2b749f81435f/A-B
e6e8495d064164e7788630b8e64d20e01c749eec6745ade8e2b7892e8dffd9ea,vps/E-replace-archer/cd262876375705859c517195/B-A,vps/segments/X-simplex-b12000-vs-knight/d1f015e45b7f2b749f81435f/B-A
f5ca43e82cc4b1aa0ba2923ce3d846f259862fd96e7a32bc76998f67ed981c2f,vps/E-replace-spearman/6047c9f75772bafe481dade3/A-B,vps/segments/X-simplex-b12000-vs-knight/e4fa511e8b17be457f4b8127/A-B
0624a46c66ce166ee344c611238f4a5c2d4af396e843f059bb84045e6ad78891,vps/E-replace-spearman/6047c9f75772bafe481dade3/B-A,vps/segments/X-simplex-b12000-vs-knight/e4fa511e8b17be457f4b8127/B-A
d577224341943857a29a44765e82a12a7f10073d575f2aa9905c5c3a7620a89b,vps/E-replace-knight/944944314c6841ec20d8ab40/A-B,vps/segments/X-simplex-b12000-vs-soldier/0b837e1bde563d0a239ed540/A-B
945427f1e5f0ef31cfa5c2b8863b3f2ac260ebde16b4cb3cecf0dc3075544111,vps/E-replace-knight/944944314c6841ec20d8ab40/B-A,vps/segments/X-simplex-b12000-vs-soldier/0b837e1bde563d0a239ed540/B-A
0e12b12dda0c7db59428c755b91824f94a2cd93ee589fa5669162d37c013c254,vps/E-replace-archer/d77bbd31886ed7e4bbcfb7ac/A-B,vps/segments/X-simplex-b12000-vs-soldier/283cb10b3d3e4132b4319d44/A-B
e4c3ddead7fa04912d43b3a3ccf68502c95f34a97d6b1a0051cc85a3272db58d,vps/E-replace-archer/d77bbd31886ed7e4bbcfb7ac/B-A,vps/segments/X-simplex-b12000-vs-soldier/283cb10b3d3e4132b4319d44/B-A
4cc7756faf4200e045b276dd9746f81803d06dbd345a04f815c1b28930e8f1c5,vps/E-add-spearman/35a66253027fbcf944d803b3/A-B,vps/segments/X-simplex-b12000-vs-soldier/3def7fdd673090e7bbafba4d/A-B
473f29f635d7cddbe224f67088634db9686a5b19e0094a96473b0f27244d2424,vps/E-add-spearman/35a66253027fbcf944d803b3/B-A,vps/segments/X-simplex-b12000-vs-soldier/3def7fdd673090e7bbafba4d/B-A
e3925504a6cce1422fc610fe342508487c7dd5995657d3cefa27408a22864604,vps/E-add-archer/9dc70450af0d494f7577cfaf/A-B,vps/segments/X-simplex-b12000-vs-soldier/5b3b47951c989ffcb6bb50ab/A-B
579ab46e739ac9fb701f1df9021ed41769fee1e278b654c752fea55f4dd3cf28,vps/E-add-archer/9dc70450af0d494f7577cfaf/B-A,vps/segments/X-simplex-b12000-vs-soldier/5b3b47951c989ffcb6bb50ab/B-A
7d73a3fcbe3062a6e1db2c42e26ddef1db1fe036c2711191765f7dc269106e37,vps/E-replace-spearman/4f03e7394523feefc9e797fc/A-B,vps/segments/X-simplex-b12000-vs-soldier/814545446cbf0b4507c096f6/A-B
dde9b4db372f1e77b2ae78aa0114490418c419d6c1bf58782a6d5a398b758694,vps/E-replace-spearman/4f03e7394523feefc9e797fc/B-A,vps/segments/X-simplex-b12000-vs-soldier/814545446cbf0b4507c096f6/B-A
5d1348b689763e1dec034bd25e10f3dd39bdddde41e7df7f9052f9365734cdc2,vps/E-add-knight/aa03d3c8f67f8ad197c5d24d/A-B,vps/segments/X-simplex-b12000-vs-soldier/9ff470949f87ec7037fd07f2/A-B
ed56ff380198eebe0b3347981f4f6894a2e22c6ed5990016ae2196c6364c290f,vps/E-add-knight/aa03d3c8f67f8ad197c5d24d/B-A,vps/segments/X-simplex-b12000-vs-soldier/9ff470949f87ec7037fd07f2/B-A
6d407622c60b016795f97c89a6a5574696df9124c61c66dd231ce4e7c7aa2393,vps/E-replace-archer/87982bc49a7f59efdf278c83/A-B,vps/segments/X-simplex-b12000-vs-soldier/e0008e113b22488f1f3e17c3/A-B
5b40b5d08240a3cb41ac0662b746bf7848264fd5d59a18b9cccd174e1c8a970f,vps/E-replace-archer/87982bc49a7f59efdf278c83/B-A,vps/segments/X-simplex-b12000-vs-soldier/e0008e113b22488f1f3e17c3/B-A
2a1d1503a117713d05836a468b6a0d0d39d7d08702d9ca68ffe56c89d6f08704,vps/E-replace-archer/6fbb074c413fdde0bd456b4c/A-B,vps/segments/X-simplex-b12000-vs-spearman/1a1eaa1d199ff993677c96a0/A-B
cdd056f355bfd3009ca6798847f425d092b2fa95fee94cbb9f1b9d30918fd936,vps/E-replace-archer/6fbb074c413fdde0bd456b4c/B-A,vps/segments/X-simplex-b12000-vs-spearman/1a1eaa1d199ff993677c96a0/B-A
a83d5f0040763149f6b44340db00b94dba4c78d70addf03967778832995e1872,vps/E-add-knight/7372c551506e00920f970eb2/A-B,vps/segments/X-simplex-b12000-vs-spearman/31cc38a558d374c0f40c701d/A-B
e3d768e5053fa36bcb00289b8845073b6b53b06d8b9d2999b8e222b9d2e1bcb4,vps/E-add-knight/7372c551506e00920f970eb2/B-A,vps/segments/X-simplex-b12000-vs-spearman/31cc38a558d374c0f40c701d/B-A
f6cd973ea0f02ec5337cfc4624fa4edd6efbb510e9eacdfbc74fba36b8eb1b3f,vps/E-replace-spearman/91b1d99f90a0046d7431bb6c/A-B,vps/segments/X-simplex-b12000-vs-spearman/bfa36ad177f39315c5b5843a/A-B
d391cac8c3548dfd702533d5125233a8ccd248d2e881d86777de94b0489b5b80,vps/E-replace-spearman/91b1d99f90a0046d7431bb6c/B-A,vps/segments/X-simplex-b12000-vs-spearman/bfa36ad177f39315c5b5843a/B-A
48e91cc5c60b4a23d0c41ecf8e76efb72fdc2920ed45157d05c491a5401aaf4d,vps/E-add-archer/90452a8e0fc26bc011ac9c96/A-B,vps/segments/X-simplex-b12000-vs-spearman/d1ce801a1caa2599971011b7/A-B
55858bb50470dc54ca6230faf3d07e9cb4523579bc6c1e80b43072fb9bacfd34,vps/E-add-archer/90452a8e0fc26bc011ac9c96/B-A,vps/segments/X-simplex-b12000-vs-spearman/d1ce801a1caa2599971011b7/B-A
85f859f840726422ec7d710e5557c9d3b6715fd7fc74bfe34607d4d92c94e777,vps/E-add-spearman/62db35f9f62df083f31642e7/A-B,vps/segments/X-simplex-b12000-vs-spearman/f83cefcab4438d28e8c6822d/A-B
03908c0fa4ced8ca60a7e0fb3a0f39260e015950626c7db85dad0402f2d3619e,vps/E-add-spearman/62db35f9f62df083f31642e7/B-A,vps/segments/X-simplex-b12000-vs-spearman/f83cefcab4438d28e8c6822d/B-A
b519bb1614ee7681705ac402002235d500ecb76419c51ff83e6916219f877f76,vps/E-replace-knight/60ea6b0364f3cf6da7155aae/A-B,vps/segments/X-simplex-b12000-vs-spearman/fc4f17ce9afd5012b3772cf5/A-B
801f32c8479bd20c92034baef1d8d002487ac1354c81ffebe89c6948712b7b6f,vps/E-replace-knight/60ea6b0364f3cf6da7155aae/B-A,vps/segments/X-simplex-b12000-vs-spearman/fc4f17ce9afd5012b3772cf5/B-A
a5331feff67dead1fd8e86ea0e9e294dafb0a9891870a6eef7d203d93bf4e2eb,vps/E-replace-archer/c1abc4f7c2950fdd662cf676/A-B,vps/segments/X-simplex-b12000-vs-spearman/fc63997b96018d1f536bd052/A-B
e701c961956fe0ed8b1ea2704b022101a48e53267b5e4e170aa0ff763c46e26c,vps/E-replace-archer/c1abc4f7c2950fdd662cf676/B-A,vps/segments/X-simplex-b12000-vs-spearman/fc63997b96018d1f536bd052/B-A
a4b03775c6e47e084df83130fb23cf3ae4565cd136c7e91f724cc61a46c1c01f,vps/E-replace-archer/bebaac7a488425cbf856f602/A-B,vps/segments/X-simplex-b120000-vs-archer/28b8ecad8d099fd04fced2a4/A-B
b3b073b16d63b9a4d27dfb0370a44542c53cfb7218e018e2eb140ce2b3493401,vps/E-replace-archer/bebaac7a488425cbf856f602/B-A,vps/segments/X-simplex-b120000-vs-archer/28b8ecad8d099fd04fced2a4/B-A
f6ab04f25f23acc16321c07d20e652c167d2da367dd3b2e1288b7184f3b59d9c,vps/E-add-knight/6202c92b1cb8143ebcb0cfbf/A-B,vps/segments/X-simplex-b120000-vs-archer/4d4b8c0f443a7ad99cfd59e2/A-B
303c04b0c4ade3a3311bcd14b5016d5615a58aa5017c7c918cabfc09f8ed53e4,vps/E-add-knight/6202c92b1cb8143ebcb0cfbf/B-A,vps/segments/X-simplex-b120000-vs-archer/4d4b8c0f443a7ad99cfd59e2/B-A
a5bb96235bf6f9a76b769ff737d8e922df94b0a52f749525853085cd022bf3ef,vps/E-replace-archer/1fa1c1b11f6d1deb4a7bf1bd/A-B,vps/segments/X-simplex-b120000-vs-archer/5202163ce518e1a0cad6d6f7/A-B
8a5fbdbf1b558dc200eab97d67343355792afdf24d5bbb0e91f754b86f3a02ef,vps/E-replace-archer/1fa1c1b11f6d1deb4a7bf1bd/B-A,vps/segments/X-simplex-b120000-vs-archer/5202163ce518e1a0cad6d6f7/B-A
54b8eb5652e7a14e2d23dbf5a122ee8f8758e3e126c18b1c2077bfe200269275,vps/E-add-spearman/12fb134e3b9e69cb8830ba03/A-B,vps/segments/X-simplex-b120000-vs-archer/6ad477200b2ec9732352c12e/A-B
078641e562821c4012d1a24d08878af3f97f45aea622350727a2eb5edcbd524c,vps/E-add-spearman/12fb134e3b9e69cb8830ba03/B-A,vps/segments/X-simplex-b120000-vs-archer/6ad477200b2ec9732352c12e/B-A
be2fd59b10780c4a974579ca6aa877af8fa7d09696123e901a9a76e10090a8d5,vps/E-replace-knight/06c703d6abc82d8078075cb8/A-B,vps/segments/X-simplex-b120000-vs-archer/b985cc335bd9c219281f9099/A-B
9cec5bee8a5ed752d60fcec1709491d9454bc6cac7e3470ebaf08cf9ee56f1eb,vps/E-replace-knight/06c703d6abc82d8078075cb8/B-A,vps/segments/X-simplex-b120000-vs-archer/b985cc335bd9c219281f9099/B-A
8a8c071fb58cea24472f7dfcbaa331b093d2f47c93a33eea4d16916b8b743bcd,vps/E-replace-spearman/b85c5df54b86da253be8ed91/A-B,vps/segments/X-simplex-b120000-vs-archer/bf88460abef76c339b2efd97/A-B
ca72af4b6bf526a38c94684e7303c2ec3dc332c813b682e0f2e15fa59bc68867,vps/E-replace-spearman/b85c5df54b86da253be8ed91/B-A,vps/segments/X-simplex-b120000-vs-archer/bf88460abef76c339b2efd97/B-A
6b4a529fbc125b23882833e0aed634bec1b5f0b2174c3e7ece269e3168b0f82f,vps/E-add-archer/00dd071ec3d5e4240f071c34/A-B,vps/segments/X-simplex-b120000-vs-archer/e76e70c10599c9554c778905/A-B
7e4672019367fb02f1f4413e94829b3f5c23d2fa9d1ba5802105a04a62fdf6a1,vps/E-add-archer/00dd071ec3d5e4240f071c34/B-A,vps/segments/X-simplex-b120000-vs-archer/e76e70c10599c9554c778905/B-A
4597ad24b5a2e47b6a7dce9496a9b6f4b1f246dce33a40845b0982a200fb8806,vps/E-add-archer/99c5d6612d7675c557dec1d9/A-B,vps/segments/X-simplex-b120000-vs-knight/34d2a086294abb6facea1006/A-B
7c1e87a0769464bd834f5d84f3fd33eaf9071aabdb90673a4cec8f5b7383d2cf,vps/E-add-archer/99c5d6612d7675c557dec1d9/B-A,vps/segments/X-simplex-b120000-vs-knight/34d2a086294abb6facea1006/B-A
9f7896ff11a4fdfeae908e8a85eb1996f29d7dec03afd44bccaf572c6f562f88,vps/E-replace-spearman/c564d839247ef57b60d4f955/A-B,vps/segments/X-simplex-b120000-vs-knight/623c99b06bd02a7318920fcd/A-B
b89c417fafb9930a9d98c61b828c2fcdde9bbe3ad1930c42334529e87f6f7c72,vps/E-replace-spearman/c564d839247ef57b60d4f955/B-A,vps/segments/X-simplex-b120000-vs-knight/623c99b06bd02a7318920fcd/B-A
ac0328d7e848fe34c754caa6b9c4b0ed2030d2e4d6fcccd1ed330988caf253df,vps/E-add-spearman/2e55cb04674afb04ce6d78fd/A-B,vps/segments/X-simplex-b120000-vs-knight/7d1aa00566a92de7f8136641/A-B
cdf02ca8a3da35cbdb52ea241c610d7fdc069d44ffd601725625d6de3e1c67e1,vps/E-add-spearman/2e55cb04674afb04ce6d78fd/B-A,vps/segments/X-simplex-b120000-vs-knight/7d1aa00566a92de7f8136641/B-A
ec3fe1b383c499c2e996e6787dc7dd8ddfa3a755a1c45ee6e65e0bd0f207dca0,vps/E-replace-archer/2ee693c00faf7ca2b204af0d/A-B,vps/segments/X-simplex-b120000-vs-knight/84902557644f41cf2c2a9d6a/A-B
d29084b834e0c04c2ec960f0e066e1af2e2e47ae2e43a06f2d872a00d9b8a14e,vps/E-replace-archer/2ee693c00faf7ca2b204af0d/B-A,vps/segments/X-simplex-b120000-vs-knight/84902557644f41cf2c2a9d6a/B-A
f5eaa97da71df5298d7c5b30554bec43da7311247b6bf61d3299b38dd99ce886,vps/E-replace-archer/f7f63efe2c9c6c893563d3d5/A-B,vps/segments/X-simplex-b120000-vs-knight/d2567a1f661ecc4dec0227a9/A-B
6a49a491a5ff72a4b8db0cc1fcd37742813f1f1a76d4b11bb02af21e20d1e1ce,vps/E-replace-archer/f7f63efe2c9c6c893563d3d5/B-A,vps/segments/X-simplex-b120000-vs-knight/d2567a1f661ecc4dec0227a9/B-A
9858c7ffa1a6a847079e50482789f9a042cfeb281ada503d2c73d74b65c9d985,vps/E-add-knight/f500dc25fe52370e72ad9840/A-B,vps/segments/X-simplex-b120000-vs-knight/d52cfb1577512d5c7a0e1900/A-B
151989b8d1b1c0ca759fab7eaf3b152abc03724944a1ef9ad70118e7a90322e4,vps/E-add-knight/f500dc25fe52370e72ad9840/B-A,vps/segments/X-simplex-b120000-vs-knight/d52cfb1577512d5c7a0e1900/B-A
abd94bc23ec4820405578db5d4219905be27d265953dc9a78eafb0ad17ea4dc0,vps/E-replace-knight/07754f15a1f745cbd55e2d79/A-B,vps/segments/X-simplex-b120000-vs-knight/d76501672cf244648d909c81/A-B
8824c08bc8bcd97e8f05359769eecdbeb55b6a1b38e420a372d8f80b55023e35,vps/E-replace-knight/07754f15a1f745cbd55e2d79/B-A,vps/segments/X-simplex-b120000-vs-knight/d76501672cf244648d909c81/B-A
647ab88a83aa6f834990989ca24911ddf969595c4a5f5d85e2c151fdaebac92b,vps/E-replace-archer/abca63f68f362c7686c849bd/A-B,vps/segments/X-simplex-b120000-vs-soldier/2bfa1dcf5ec35b030143b34c/A-B
cb5849664fb65ac00466aa61563a1f9baace77ad985b9c02a92e371cf45b1603,vps/E-replace-archer/abca63f68f362c7686c849bd/B-A,vps/segments/X-simplex-b120000-vs-soldier/2bfa1dcf5ec35b030143b34c/B-A
080a760946062a1fd8d98a392af9cfe19e37e88230bd2533fcc71189c4454051,vps/E-replace-archer/0f0fa45dd27e7eeb87d4ad96/A-B,vps/segments/X-simplex-b120000-vs-soldier/2d7ffd2749a3d4888118e97b/A-B
4d4f10ab2260ede10cb8c2d1db124452f256c5e90d13c4052ffdc5562a5c4a2e,vps/E-replace-archer/0f0fa45dd27e7eeb87d4ad96/B-A,vps/segments/X-simplex-b120000-vs-soldier/2d7ffd2749a3d4888118e97b/B-A
39290bde543fcdc7db435685f44525ca8a27bd1d0d6ab456d78be5a9d66bfc62,vps/E-replace-spearman/5b1873367b9a99adf2c1bda8/A-B,vps/segments/X-simplex-b120000-vs-soldier/7999145ce28312955cef51b8/A-B
abb965c26a067defd1727e6eb1f38ce8516c21fec03df7f4a4871163963fd5a3,vps/E-replace-spearman/5b1873367b9a99adf2c1bda8/B-A,vps/segments/X-simplex-b120000-vs-soldier/7999145ce28312955cef51b8/B-A
efc4fdcd65621f58639b9a2c05b60cd02d32bd2145a7eeff7bf25c72464e8a79,vps/E-add-knight/794b28ce0e47672fcb7a3aed/A-B,vps/segments/X-simplex-b120000-vs-soldier/7d3be30d00e7df08f17da8a9/A-B
780a67a606c98875a90a136ddbc8152e9b394ac4c821bbd1585b13544ad23451,vps/E-add-knight/794b28ce0e47672fcb7a3aed/B-A,vps/segments/X-simplex-b120000-vs-soldier/7d3be30d00e7df08f17da8a9/B-A
b65a6478fa205a764519bc9efec97c2149f9936ef64a6a2aafe349694921efbe,vps/E-add-archer/9ccf07e41dd0a9dc808dbda7/A-B,vps/segments/X-simplex-b120000-vs-soldier/e6ac99678144134f1b2c0705/A-B
c14abffa723beb70afa0c8748d6700712304ccf27fc49718fac36a5656500a2d,vps/E-add-archer/9ccf07e41dd0a9dc808dbda7/B-A,vps/segments/X-simplex-b120000-vs-soldier/e6ac99678144134f1b2c0705/B-A
18620e747982597c82f763f66c4ac91da1abd83e0d88fe4f0cc9fc59be147220,vps/E-replace-knight/f3b73555a8624c3ad29685ca/A-B,vps/segments/X-simplex-b120000-vs-soldier/f4e86f1b16dcda1d34faa974/A-B
5811e963e7c3dd629408e4832aec69caf8ff0a5139654e32411be84c07507f3c,vps/E-replace-knight/f3b73555a8624c3ad29685ca/B-A,vps/segments/X-simplex-b120000-vs-soldier/f4e86f1b16dcda1d34faa974/B-A
e1e15074299de68705a0c780b2d3fb59197c1aac103ae07319f15d754de45d5a,vps/E-add-spearman/434aec90af86a3e2d037dbae/A-B,vps/segments/X-simplex-b120000-vs-soldier/f5d755ba6baca4f27b3f9ee4/A-B
40db732252fdbb4c83d829c619b8c5bb7675d6c707874829d4ef7d7f6be59e56,vps/E-add-spearman/434aec90af86a3e2d037dbae/B-A,vps/segments/X-simplex-b120000-vs-soldier/f5d755ba6baca4f27b3f9ee4/B-A
c2139bf6ad46bfcc344bf8b189191ddd8ff0c544108cf5db8cf59a296748e062,vps/E-replace-spearman/066cf8512eb5917d48e81c2f/A-B,vps/segments/X-simplex-b120000-vs-spearman/11bcff5fdab0dbfc249b711f/A-B
7c6950ac9551513a10d11d06a1a0606ed963c423411f7d09f00725ad0b638811,vps/E-replace-spearman/066cf8512eb5917d48e81c2f/B-A,vps/segments/X-simplex-b120000-vs-spearman/11bcff5fdab0dbfc249b711f/B-A
74fb0a2f20f1d9df64aede4d43e0e4a0bbc924c74c24811618a421d2d8598b22,vps/E-replace-archer/53bc6affd25d788a4b0bb5f3/A-B,vps/segments/X-simplex-b120000-vs-spearman/623b478e56aed422ebc0355b/A-B
36cf9ad08aa5df8c6842cb581133f43a3219fcaa6abb54690485d33e52706001,vps/E-replace-archer/53bc6affd25d788a4b0bb5f3/B-A,vps/segments/X-simplex-b120000-vs-spearman/623b478e56aed422ebc0355b/B-A
ae51cd0bcfe5cda59d49d32cc79c9d469986176d2d0f927e82dd174407503817,vps/E-add-archer/c9ccdab244010a047fb9c9d4/A-B,vps/segments/X-simplex-b120000-vs-spearman/705c799b74e43fce1b36989f/A-B
f5cd8287fd3545c302e2653e3bfedb3205321542ec32364d1d7dffda8ed11492,vps/E-add-archer/c9ccdab244010a047fb9c9d4/B-A,vps/segments/X-simplex-b120000-vs-spearman/705c799b74e43fce1b36989f/B-A
3ba56ad4632dc7988935b5dae7fbe86c668cec79319163f4430194ba6669d3e5,vps/E-add-knight/8e6a165a497b2b01d8f605f3/A-B,vps/segments/X-simplex-b120000-vs-spearman/9ec66eceb21ff10f7539b46f/A-B
efa865b6e6994c746eb98a831b6871c218270231d8e6b21a92f83c550b0766ea,vps/E-add-knight/8e6a165a497b2b01d8f605f3/B-A,vps/segments/X-simplex-b120000-vs-spearman/9ec66eceb21ff10f7539b46f/B-A
58cd7ae8deb38800a7970576196ee8f591af45338dcec1590dcfba297fa69701,vps/E-add-spearman/ec04c5121a7d52ddc9756d30/A-B,vps/segments/X-simplex-b120000-vs-spearman/a2772fd831412a41d3866954/A-B
71c1edf0b3076609f0d5f6632549a6592128c1a272b42a58354f9fb187b4a370,vps/E-add-spearman/ec04c5121a7d52ddc9756d30/B-A,vps/segments/X-simplex-b120000-vs-spearman/a2772fd831412a41d3866954/B-A
e1e29aab7102365136b614a54a8aeb0bee449145f3bc465a205963f9f554f006,vps/E-replace-archer/5d2fc3e3fd07dafd12170519/A-B,vps/segments/X-simplex-b120000-vs-spearman/a82d760c73bebb9fec2fac8d/A-B
0c2b4bb54f68750a49827995ac5ca7c41b885ac68f663af9b71cf4658f802372,vps/E-replace-archer/5d2fc3e3fd07dafd12170519/B-A,vps/segments/X-simplex-b120000-vs-spearman/a82d760c73bebb9fec2fac8d/B-A
044000527dbe60e02f92f5dc9ad3c1b0b9f0f11600d9d271fa85b86d0bd6107a,vps/E-replace-knight/8470d7aa4b7a8a35f9a0e440/A-B,vps/segments/X-simplex-b120000-vs-spearman/aea907c7b83f87304fe9bcb0/A-B
6038034e12149a61158713e289e5143a4b4bfbc7cfd010a83ca1a1ab25ce39d5,vps/E-replace-knight/8470d7aa4b7a8a35f9a0e440/B-A,vps/segments/X-simplex-b120000-vs-spearman/aea907c7b83f87304fe9bcb0/B-A
9cda033ec2858daf241282c54f4b5ce1c184348b96e93b0e2db37373d7cbb669,vps/E-replace-spearman/42fa92a135630dba33331121/A-B,vps/segments/X-simplex-b360000-vs-archer/344988d933ea2767bb7773cb/A-B
5a3a7c6a2bfc811de4e84953453aa58f84f93e0e16b08c6c922c3567df67cb5a,vps/E-replace-spearman/42fa92a135630dba33331121/B-A,vps/segments/X-simplex-b360000-vs-archer/344988d933ea2767bb7773cb/B-A
814b30f747524da1f0513cf2a4c7c7302735ec4b0979696c017c511fc5fc555e,vps/E-replace-archer/f330722e566c2ab2445bfdd6/A-B,vps/segments/X-simplex-b360000-vs-archer/52a1fc74ff65922c264cf010/A-B
29f050f34a12bfd8320dd6dfe37610fe912f9c6819d707769fcfa74cb948d4a7,vps/E-replace-archer/f330722e566c2ab2445bfdd6/B-A,vps/segments/X-simplex-b360000-vs-archer/52a1fc74ff65922c264cf010/B-A
e8ace81187585f9a9799ca32812522681ac41a635a15cad6f908602359c5924d,vps/E-add-knight/2e7d91b0bfb312cae574c25a/A-B,vps/segments/X-simplex-b360000-vs-archer/52c820843111521b9cbdcd75/A-B
efae91d1ed12f877be4990b4e3359b2e883e22c52802dc93c28ac8ab47910dd2,vps/E-add-knight/2e7d91b0bfb312cae574c25a/B-A,vps/segments/X-simplex-b360000-vs-archer/52c820843111521b9cbdcd75/B-A
3d79ed5983c89d0022c51a128734a7b36a8941c07b48f432dd6f260a0059cec7,vps/E-replace-archer/55bc71d8fe3795ec5ce5b448/A-B,vps/segments/X-simplex-b360000-vs-archer/5926fafab9a451515ea647f6/A-B
b539cabaf72f26f266d867628052db7ffc7cfa333da902e943ce8bd34a752c17,vps/E-replace-archer/55bc71d8fe3795ec5ce5b448/B-A,vps/segments/X-simplex-b360000-vs-archer/5926fafab9a451515ea647f6/B-A
f6776d7c6c7177aa07d372a84cc087068cf68a20a5554209ad5cfa2fe3664640,vps/E-replace-knight/51278e90b7f835e3758040f4/A-B,vps/segments/X-simplex-b360000-vs-archer/75e345b12f92516262eae9af/A-B
6cf3f7ce97091432dc8ee8c9e08cbbdaccb4131d9e62affc2f01c700b44e77bd,vps/E-replace-knight/51278e90b7f835e3758040f4/B-A,vps/segments/X-simplex-b360000-vs-archer/75e345b12f92516262eae9af/B-A
ee9e20890d11662504f7fe1e38034c18b966e01cd6c9e5396948c62e4ef00edc,vps/E-add-archer/398b90b52047c0941593a85d/A-B,vps/segments/X-simplex-b360000-vs-archer/a92c45945bab54fe1bae3f47/A-B
6716753b8e8b76b4a64e3b17a97ed8046605bed1f7d8159437110a4c2a02ffa9,vps/E-add-archer/398b90b52047c0941593a85d/B-A,vps/segments/X-simplex-b360000-vs-archer/a92c45945bab54fe1bae3f47/B-A
d008a6c4cea3edb58d3e49bd4fe6a9dc06177f8442e6495e138e98d884af187e,vps/E-add-spearman/91a281d9a049b950bd802b34/A-B,vps/segments/X-simplex-b360000-vs-archer/f90756ce34754eb392223f0e/A-B
bcbc877f0cf8b1db3ca6328cc8d75854e56dc0b5735561ddaff5ce14c2a229f6,vps/E-add-spearman/91a281d9a049b950bd802b34/B-A,vps/segments/X-simplex-b360000-vs-archer/f90756ce34754eb392223f0e/B-A
a4eaa63ffd50c858a582760de8d69057fb298d4e36b35dc836acd4f15f8143b1,vps/E-replace-archer/3c8cf07e28e93e76b3c5a3c4/A-B,vps/segments/X-simplex-b360000-vs-knight/08589c39f7433bda410ae3ef/A-B
f18092483330cb3d4dfad8a1baf1a7d7fbf21b2da0e9bcf9d7fd315da08b3e67,vps/E-replace-archer/3c8cf07e28e93e76b3c5a3c4/B-A,vps/segments/X-simplex-b360000-vs-knight/08589c39f7433bda410ae3ef/B-A
7d7abac10e512ec2c70d5d25a59d0d144ba2b19ce4372cc4f09baf310123eafb,vps/E-add-spearman/c45381ea256809e530a34a5d/A-B,vps/segments/X-simplex-b360000-vs-knight/190db0db15e3441c3f0ec95d/A-B
75facca78d59da8acebf5520dc1aec84674008dca00e85ffe5137a6371d683bd,vps/E-add-spearman/c45381ea256809e530a34a5d/B-A,vps/segments/X-simplex-b360000-vs-knight/190db0db15e3441c3f0ec95d/B-A
092ff6440ba52367b900849f38396771039917fdafcad50e5a9b3669a0a1a448,vps/E-add-archer/b87b6dd2c0632336c0e9bbe4/A-B,vps/segments/X-simplex-b360000-vs-knight/7e63c86ebefeadfe1b68f64c/A-B
40e5890746cdbe0ba659fc1854a9e8c3218947407cf39f571ec0b4f63dfcca5c,vps/E-add-archer/b87b6dd2c0632336c0e9bbe4/B-A,vps/segments/X-simplex-b360000-vs-knight/7e63c86ebefeadfe1b68f64c/B-A
4970d1f6b5265fad201517f3825ff40d79aa8b20306bc545f88c8e11a313708e,vps/E-replace-archer/a5e16e2cbf0b5a6ccf781ae0/A-B,vps/segments/X-simplex-b360000-vs-knight/8805447d99e8516abae34f6c/A-B
0243eeadabcc14bc5e95fa1b391f9a0fbfc6c55db116c0e75d961227e7785c42,vps/E-replace-archer/a5e16e2cbf0b5a6ccf781ae0/B-A,vps/segments/X-simplex-b360000-vs-knight/8805447d99e8516abae34f6c/B-A
c9120e3abe7fee8469f247bb2516e4a41fb700437984d54f1cdf3a7e4cdd38df,vps/E-replace-spearman/6c3545fbaf62ed6166158870/A-B,vps/segments/X-simplex-b360000-vs-knight/a3b55b11bd69198b1f4d0861/A-B
2536c92b83fc9dfa257d512793cb6f370a57292432bcf50476ba1d1140eea936,vps/E-replace-spearman/6c3545fbaf62ed6166158870/B-A,vps/segments/X-simplex-b360000-vs-knight/a3b55b11bd69198b1f4d0861/B-A
87844e416d861f5c9ead6ab9b78dcfb00006427ddc351bd0388c1eabd412ea8d,vps/E-add-knight/070bd0d19d9d35e280abdae1/A-B,vps/segments/X-simplex-b360000-vs-knight/ca7f4d78c121f25c3f861361/A-B
e137c8706ef5acd42c2d3113acb60f6a980b709cb9423e1758161e5fa6ce3ea3,vps/E-add-knight/070bd0d19d9d35e280abdae1/B-A,vps/segments/X-simplex-b360000-vs-knight/ca7f4d78c121f25c3f861361/B-A
1f3fce2dde0f6cb9e52d7d9f2ccf54c78bda11edd30e41981f43954656e2b319,vps/E-replace-knight/35424ac54e589441a7f6dd91/A-B,vps/segments/X-simplex-b360000-vs-knight/f6bbcdc06ab20afe8c542e03/A-B
9288c176905bc692cf0b5b0e8c1fdf8f9c5687ec3e1b2261cc79af977a4aec1c,vps/E-replace-knight/35424ac54e589441a7f6dd91/B-A,vps/segments/X-simplex-b360000-vs-knight/f6bbcdc06ab20afe8c542e03/B-A
0c9b19559b08cae95f1b456a1135eb9de70ff4740dc2bb2b3b4ca042b40c803d,vps/E-replace-knight/977b53c25d2ffb5708717a15/A-B,vps/segments/X-simplex-b360000-vs-soldier/481bb82dac442d3a90623486/A-B
621c76fa115a89383a70cd68d3206ad6402dbdab98c3254f85e835dba5050c4d,vps/E-replace-knight/977b53c25d2ffb5708717a15/B-A,vps/segments/X-simplex-b360000-vs-soldier/481bb82dac442d3a90623486/B-A
8ec84ebc32702eb97476db6c435a32fb21e30dab9a6a9cd0c90bd2bbfaa38ae6,vps/E-replace-spearman/0cddd4c1ccb3a1104fb030a7/A-B,vps/segments/X-simplex-b360000-vs-soldier/53b92d2944521896a2eb21b3/A-B
9d961061fe6e25ac4290f317cd56110131e4a40b93d1603d1e795c9718410790,vps/E-replace-spearman/0cddd4c1ccb3a1104fb030a7/B-A,vps/segments/X-simplex-b360000-vs-soldier/53b92d2944521896a2eb21b3/B-A
587a0b6c8fbf92e9e393e63a374c6bdc95fc594470b7c8ee42ee3df5c4a6b8ef,vps/E-replace-archer/9a2a5368319c50a482aa6d99/A-B,vps/segments/X-simplex-b360000-vs-soldier/85d518617079b8730f0b1c49/A-B
cab79020193af6f55744135f0197a1630e3c2215411e9bdd269a836e052ec646,vps/E-replace-archer/9a2a5368319c50a482aa6d99/B-A,vps/segments/X-simplex-b360000-vs-soldier/85d518617079b8730f0b1c49/B-A
b73591b9f6abc73a280ac0ee1d8386bcade85430256e3f726b2cbcc088927d4b,vps/E-add-spearman/622a2253c3746b18433c41e5/A-B,vps/segments/X-simplex-b360000-vs-soldier/9251b9060ff5cacb28f9a209/A-B
e86c1609971a59d6f6f7f1964467fd28673b2257a151e6057fcb3bec365002f1,vps/E-add-spearman/622a2253c3746b18433c41e5/B-A,vps/segments/X-simplex-b360000-vs-soldier/9251b9060ff5cacb28f9a209/B-A
d0fc8136b27c341b2b389664fd9cbfbae0b31d49eb10f409d3468b26031d2db5,vps/E-add-knight/2efabebacbed162837707c81/A-B,vps/segments/X-simplex-b360000-vs-soldier/ea08fabd2990a8f1a9a45e11/A-B
5e1daaa5b52b45667e60f516d35ce1bbd3328cb3aaae21c7ec3934aad642822e,vps/E-add-knight/2efabebacbed162837707c81/B-A,vps/segments/X-simplex-b360000-vs-soldier/ea08fabd2990a8f1a9a45e11/B-A
8839391276df22f2a678c753fe3d221fe1ef8cbd40bd45b40bf43e64db26e2e8,vps/E-replace-archer/ab886d9ddcb17296fb464ffe/A-B,vps/segments/X-simplex-b360000-vs-soldier/ef486ca90d20b0e342ba5f98/A-B
4395fb4f78b668536497dc1bf3baf6fc380576577c3aaca89356d9263fef3ff4,vps/E-replace-archer/ab886d9ddcb17296fb464ffe/B-A,vps/segments/X-simplex-b360000-vs-soldier/ef486ca90d20b0e342ba5f98/B-A
537e84a5d22464f8d7c1deb6dcd26c79055a7da287012c266bbcfe8efbbb8765,vps/E-add-archer/850240304cc7689b21861aca/A-B,vps/segments/X-simplex-b360000-vs-soldier/f45b4e4df4dc3d0676e52585/A-B
715ddcb52c63eb369b27e2863c2f74be561265d5ff08486ffb44d84d5cdc2917,vps/E-add-archer/850240304cc7689b21861aca/B-A,vps/segments/X-simplex-b360000-vs-soldier/f45b4e4df4dc3d0676e52585/B-A
2bc6219638d312265f5c45e3ff80bf6b75c9c3992211780b96db52997872da32,vps/E-add-spearman/bc729ce861a1e4e74ac8c3b7/A-B,vps/segments/X-simplex-b360000-vs-spearman/12ecf593c5e47c82a0f47d31/A-B
120c55e4f29e4d0105d6cc15c34f2d0b90e315f38cd4336b4554e662eda73d66,vps/E-add-spearman/bc729ce861a1e4e74ac8c3b7/B-A,vps/segments/X-simplex-b360000-vs-spearman/12ecf593c5e47c82a0f47d31/B-A
aea9224d3a0775f6e06af303bdca894006a6c88099428eb230da2b8fe423daca,vps/E-replace-knight/d96c298137b1e8069d4ed235/A-B,vps/segments/X-simplex-b360000-vs-spearman/1e11644d083dd101bb64251d/A-B
9b41f3059a77e79f4bbe644323bd510abb1e8490cbbcce840956884c4a5ac39e,vps/E-replace-knight/d96c298137b1e8069d4ed235/B-A,vps/segments/X-simplex-b360000-vs-spearman/1e11644d083dd101bb64251d/B-A
7b137d9d3da2a71bea01163e78853188d258cff1971a4d27ff56160f84ece58c,vps/E-replace-archer/b14a0c8bf20479068d2ace50/A-B,vps/segments/X-simplex-b360000-vs-spearman/34dd300d1ab9f238819edc85/A-B
9c549e3e71c9022b7497a50c67d0cf844aec592bbcd93d0d30c39d9138b5e5e0,vps/E-replace-archer/b14a0c8bf20479068d2ace50/B-A,vps/segments/X-simplex-b360000-vs-spearman/34dd300d1ab9f238819edc85/B-A
7021d39476c082c69391aa7d9d107c8598ae66c5b1828c73e129c275542d42fb,vps/E-replace-archer/745435b3295fc9540c87ad33/A-B,vps/segments/X-simplex-b360000-vs-spearman/5cad0b17b4d618f3db2e2250/A-B
0a6998a19d108d4ea47989fe9c9346eb6b099ed85b399e3702e1d1add2785d07,vps/E-replace-archer/745435b3295fc9540c87ad33/B-A,vps/segments/X-simplex-b360000-vs-spearman/5cad0b17b4d618f3db2e2250/B-A
8367b454a3d3a910865be44bae20f7afd1eda40de591f232454fc3cbef2f4a2a,vps/E-replace-spearman/fa3c2159dc01cc452e2a4384/A-B,vps/segments/X-simplex-b360000-vs-spearman/a0e4c2e9fc14d951192a9a6c/A-B
a30c76ce390ce950e39fe155216e7a2440aa495a4228b8a5304a6366926bf272,vps/E-replace-spearman/fa3c2159dc01cc452e2a4384/B-A,vps/segments/X-simplex-b360000-vs-spearman/a0e4c2e9fc14d951192a9a6c/B-A
c22025f6493eec19f3c3d4561a5a9ac893a983d0021eb2d68647a4814eeb29fd,vps/E-add-archer/b307f06eaa81875ba77a68f8/A-B,vps/segments/X-simplex-b360000-vs-spearman/d20a68eaf0ffd0ed3f71321d/A-B
73390988fd74b7bd560745d989606f9ffcfc7dad9389eab1faea8f6d0f7e78a3,vps/E-add-archer/b307f06eaa81875ba77a68f8/B-A,vps/segments/X-simplex-b360000-vs-spearman/d20a68eaf0ffd0ed3f71321d/B-A
be262af8d40c5c29de76cd4f06065710ebc47f483b3f67fcea0e69f66d5ceaa1,vps/E-add-knight/bef22a0e1e847471952eb629/A-B,vps/segments/X-simplex-b360000-vs-spearman/d9caa8ef7034010ee9ea2890/A-B
9c342e15155ccf3566c9a20d69f1eaca1a551dcc50f665fab22c9d2429f9cc98,vps/E-add-knight/bef22a0e1e847471952eb629/B-A,vps/segments/X-simplex-b360000-vs-spearman/d9caa8ef7034010ee9ea2890/B-A
