"plan","phase","sourcePlan","configurations","directions","combats","maxCombats","dependency","planSha256","status"
"plan-reference.json","M0","","30","60","120000","120000","","265b1576685f8012f6139db5e0da494848cfca397fa381f081012f78464a2742","previewed"
"D1-small-mirrors.json","D1","","20","40","80000","80000","M0","b6364e95af403b36dd4686ab0f8878ae292c56cc894994fcfc3e38e01c5ebb65","previewed"
"D2-defense-archer.json","D2","","42","84","168000","168000","M0","59da0be7475bed011016191f4508b286e4827791a8c6d227b75a7ce2cef9c209","previewed"
"D2-defense-knight.json","D2","","21","42","84000","84000","M0","c1dc82cb4c590469b8cb40b6d8687df05b555acd76f14d702b579b9827dd125f","previewed"
"D2-defense-soldier.json","D2","","21","42","84000","84000","M0","a169ba866746a0e9eb8ebf1b0bc638c5366facec7f4c50b8240c24fc46d2e4a1","previewed"
"D2-defense-spearman.json","D2","","21","42","84000","84000","M0","08fb0450878d56df4f312d98857bc279dc267648717ce953a32872e8eb469305","previewed"
"D3-physical-thresholds.json","D3","","21","42","84000","84000","D1|D2","90048b2865038e207c444e0dbee3c0c285b75165bb5f462f41786d521ada2ff6","previewed"
"D4-decision-rules.json","D4","","24","48","96000","96000","D1|D2","d9d66596b9c2f36e8c53853c67e15f451f9b40bb7d48061441e2c4d145ba41de","previewed"
"D5-accuracy-spread.json","D5","","30","60","120000","120000","D1|D2","4389a6c4ef727afee4bfb437e415a129cccb42d05aa0d8b4cd1ff9ea4c00ecc6","previewed"
"M-combat-capturePercent.json","M","","120","240","480000","480000","D1|D2|D3|D4|D5","1115cf2ac94af827a8220948c6b87802e33b27dbc4d16980ca97168ce22fc0ae","previewed"
"M-combat-equalityPolicy.json","M","","60","120","240000","240000","D1|D2|D3|D4|D5","1d4602d247ab7e1c3a9a37dcc1896a9778f25a5e5eae0be2fcb1623be2cb13c3","previewed"
"M-combat-tieBreakCriterion.json","M","","60","120","240000","240000","D1|D2|D3|D4|D5","a4d32e0b2d2850ff6264e1e46d9bc922e1942d5768887863645454c6bed51427","previewed"
"M-counter-archer-knight.json","M","","27","54","108000","108000","D1|D2|D3|D4|D5","daee03c56389fb1c4e773d3d0bce32a1c7d9166f25bdad5e5f16172108991e2b","previewed"
"M-counter-archer-soldier.json","M","","27","54","108000","108000","D1|D2|D3|D4|D5","4197551306ca15ef2366c25b7b46042c2b72b0a111dd256c06b7c54edcb799fc","previewed"
"M-counter-archer-spearman.json","M","","27","54","108000","108000","D1|D2|D3|D4|D5","987cc7346f70b87435e8698d2effe151f4fa136b68a48e639669aa653ea59905","previewed"
"M-counter-knight-archer.json","M","","27","54","108000","108000","D1|D2|D3|D4|D5","909d4172bc10e701af9a0c8296ebc3c50967633fdd22ba6599f5fb7e771ce1aa","previewed"
"M-counter-knight-soldier.json","M","","27","54","108000","108000","D1|D2|D3|D4|D5","0e19ffa92390fbce5fb22d45a5cfe5848923bcfb7329133d981e628292d7cf73","previewed"
"M-counter-knight-spearman.json","M","","27","54","108000","108000","D1|D2|D3|D4|D5","d69590585e34a07a155b994cb1e108ebe63b3a17dadabbda32f33d7a70f054a3","previewed"
"M-counter-soldier-archer.json","M","","27","54","108000","108000","D1|D2|D3|D4|D5","f3ce579772bdb2140304f07ff974c0b5bf41127fb2dbf2192880f652b7aef11a","previewed"
"M-counter-soldier-knight.json","M","","27","54","108000","108000","D1|D2|D3|D4|D5","2cf310f4823181d8bb399aca35e10e4e8519489f4c6c31d33a64d7e2e6f2e962","previewed"
"M-counter-soldier-spearman.json","M","","27","54","108000","108000","D1|D2|D3|D4|D5","eefed97b95c2f2594004b1ad3bed1a6477ee82298134a501a0d1970c43a3e9a9","previewed"
"M-counter-spearman-archer.json","M","","27","54","108000","108000","D1|D2|D3|D4|D5","d898b966e36c2c89d1a762a7302257215cb9502796ad3a2f0e117f6d80567038","previewed"
"M-counter-spearman-knight.json","M","","24","48","96000","96000","D1|D2|D3|D4|D5","8daf4637ec0c743f34b499fa052393c0ab4a69e19b262f9b9efcf8c3a09a2b8e","previewed"
"M-counter-spearman-soldier.json","M","","27","54","108000","108000","D1|D2|D3|D4|D5","4d8ea2a42bcd948af443a0f726d952926452429aa3e32bdf997d423b79d8b2af","previewed"
"M-unit-archer-accuracySpread-fixed-counts.json","M","","60","120","240000","240000","D1|D2|D3|D4|D5","0f5edf9e3d92d33a983e0f47df0dee4d15286a88ab8a29fb907d6cfc3c5d5b68","previewed"
"M-unit-archer-attack-fixed-counts.json","M","","60","120","240000","240000","D1|D2|D3|D4|D5","18f160abb9ae39f3c672bb2605c2acba9139f44dbf010885558884e53c520190","previewed"
"M-unit-archer-baseAccuracy-fixed-counts.json","M","","108","216","432000","432000","D1|D2|D3|D4|D5","7bf1be3c60b7a69ae5d187c9d849d1bb11a883838b87139b665a86aa66342103","previewed"
"M-unit-archer-capturable-fixed-counts.json","M","","24","48","96000","96000","D1|D2|D3|D4|D5","1baf1c1e2371d37e791a860097a442592dd49c8cd18c869b2818c12ef822fc95","previewed"
"M-unit-archer-cost-fixed-budget.json","M","","60","120","240000","240000","D1|D2|D3|D4|D5","3fd25cef3fdb0e0372f85da0a2fbf22ed84062383b89d00edcc3ab5fdc170472","previewed"
"M-unit-archer-cost-fixed-counts.json","M","","60","120","240000","240000","D1|D2|D3|D4|D5","8b7c214aa38599f844b7ca2c52a13578726237e575ef2b899393378197e866b7","previewed"
"M-unit-archer-defendingEfficiency-fixed-counts.json","M","","84","168","336000","336000","D1|D2|D3|D4|D5","1e225e5aeec9f44732e2b37560f7f1d9db5dfaf88e6feed04b788013bfe25a74","previewed"
"M-unit-archer-strikesPerAttack-fixed-counts.json","M","","108","216","432000","432000","D1|D2|D3|D4|D5","1f4bfe99be92430dca43b9e8972e09b3fcfe189b95ded12329c4362150ae2cd9","previewed"
"M-unit-archer-structure-fixed-counts.json","M","","60","120","240000","240000","D1|D2|D3|D4|D5","4468d7f8c090741e06087be24db51e8be264b812c0105dbda9bb5c8a05a8eafc","previewed"
"M-unit-knight-accuracySpread-fixed-counts.json","M","","60","120","240000","240000","D1|D2|D3|D4|D5","e80c245a7bc25759fc7adc21fba6d026162fd55fcee7593d23c88edf1f5c55df","previewed"
"M-unit-knight-attack-fixed-counts.json","M","","60","120","240000","240000","D1|D2|D3|D4|D5","8a89a81e1975d09359a079f94faafa1bd7ba0d7653caa210f12628a6f7c8f856","previewed"
"M-unit-knight-baseAccuracy-fixed-counts.json","M","","108","216","432000","432000","D1|D2|D3|D4|D5","dcb3d36f23804cd7a1a033091ec7049a0973d1891d4b2404f2180986ab034b9b","previewed"
"M-unit-knight-capturable-fixed-counts.json","M","","24","48","96000","96000","D1|D2|D3|D4|D5","ff21fbbe56e913f961163711ea2a79ce01b53ca263e8e3cc6ff7ba86dbd79a18","previewed"
"M-unit-knight-cost-fixed-budget.json","M","","60","120","240000","240000","D1|D2|D3|D4|D5","9f26c46dbfcfdd8a64ce6dca91c9ec0d2f1d20ee698d72ee4cc667d809b2f35b","previewed"
"M-unit-knight-cost-fixed-counts.json","M","","60","120","240000","240000","D1|D2|D3|D4|D5","b7747e467b28cad003733985ba0dbab46eac176e314385f84c149d564b5a64d3","previewed"
"M-unit-knight-defendingEfficiency-fixed-counts.json","M","","84","168","336000","336000","D1|D2|D3|D4|D5","f53e71c61b9800a2802b7a8985df66a47552abbe5ec43f79364788e92cc7e498","previewed"
"M-unit-knight-strikesPerAttack-fixed-counts.json","M","","108","216","432000","432000","D1|D2|D3|D4|D5","d781f2f59b0453de88110c2bc099ff629352d54e2cdde961f7c20701a0d6a830","previewed"
"M-unit-knight-structure-fixed-counts.json","M","","60","120","240000","240000","D1|D2|D3|D4|D5","27413994db1d90b321e1f993df53fef66d3b65c5b2535354c88fe3846583b271","previewed"
"M-unit-soldier-accuracySpread-fixed-counts.json","M","","60","120","240000","240000","D1|D2|D3|D4|D5","578edb5d68ea65b6a4e83a062250c07a48265d9cb4e5cda70f0ed04c90a58852","previewed"
"M-unit-soldier-attack-fixed-counts.json","M","","60","120","240000","240000","D1|D2|D3|D4|D5","a09caf066da2493fbf4c91b3314523076cee7685462fc188675a6eeafc5fc852","previewed"
"M-unit-soldier-baseAccuracy-fixed-counts.json","M","","108","216","432000","432000","D1|D2|D3|D4|D5","d93bfedb161e9cc05c3ab1c1186384e62c6eb7f4858831f960ea9d89ce0f7ced","previewed"
"M-unit-soldier-capturable-fixed-counts.json","M","","24","48","96000","96000","D1|D2|D3|D4|D5","bb1fb205b9f9823a1877d7ddc1716e386a427be65931c7b78d5bf21e78dd60f2","previewed"
"M-unit-soldier-cost-fixed-budget.json","M","","60","120","240000","240000","D1|D2|D3|D4|D5","0766aa9a3b114adb10879a453701459cb53cb676091fc4be6e15bd7956181567","previewed"
"M-unit-soldier-cost-fixed-counts.json","M","","60","120","240000","240000","D1|D2|D3|D4|D5","397b60c49cfe63cbe51133bd04cf83683717594c602ffde68caa762d8d31eed0","previewed"
"M-unit-soldier-defendingEfficiency-fixed-counts.json","M","","84","168","336000","336000","D1|D2|D3|D4|D5","0c5c9fd4e92f7905bd6d79077e348fcc6cde214dae5f8dda8959c70f498214e1","previewed"
"M-unit-soldier-strikesPerAttack-fixed-counts.json","M","","108","216","432000","432000","D1|D2|D3|D4|D5","37e5292c51e5e1ed9bd0fe0919d0bd2e445f1d6111f82be49aa890c13f9c63a8","previewed"
"M-unit-soldier-structure-fixed-counts.json","M","","60","120","240000","240000","D1|D2|D3|D4|D5","23d9ae61c74d3981e1e21e99d3df42c1c1b5a3925d363ffa92b489992fc887e7","previewed"
"M-unit-spearman-accuracySpread-fixed-counts.json","M","","60","120","240000","240000","D1|D2|D3|D4|D5","e69a77602664b9e7179df87d59022effce1c3c237a470783177dc8808ef64904","previewed"
"M-unit-spearman-attack-fixed-counts.json","M","","60","120","240000","240000","D1|D2|D3|D4|D5","2d285a66ad514cfc855bf19d5683edc5670cedc72e1c262fd3601deb1fdd9365","previewed"
"M-unit-spearman-baseAccuracy-fixed-counts.json","M","","120","240","480000","480000","D1|D2|D3|D4|D5","769e96c7f5f2be01a64b3525b6ebffd880b332886a6923f3079a575231437e8c","previewed"
"M-unit-spearman-capturable-fixed-counts.json","M","","24","48","96000","96000","D1|D2|D3|D4|D5","d6d583aeae975d5d579b339fe82ea15347684c9523c485cb3ad0c0c47c169a98","previewed"
"M-unit-spearman-cost-fixed-budget.json","M","","60","120","240000","240000","D1|D2|D3|D4|D5","8069f944e63c81fbed8749a1962498c0bc7a7bd7dcaa6167c4327d207e7fed7b","previewed"
"M-unit-spearman-cost-fixed-counts.json","M","","60","120","240000","240000","D1|D2|D3|D4|D5","765be9dfa06021fc75ba3b4f1e1cab24165c990c20e680fe599b8717e197ee74","previewed"
"M-unit-spearman-defendingEfficiency-fixed-counts.json","M","","84","168","336000","336000","D1|D2|D3|D4|D5","d62cad65f12912fe498651d1b72e8deae9655c3f9483c86bf3024c15e27b1ff3","previewed"
"M-unit-spearman-strikesPerAttack-fixed-counts.json","M","","108","216","432000","432000","D1|D2|D3|D4|D5","19be8f6083f2542fa27b06308804c0b29253b515580b781647c78bc384d5288d","previewed"
"M-unit-spearman-structure-fixed-counts.json","M","","60","120","240000","240000","D1|D2|D3|D4|D5","8539b1cd8813d9b1aef6291cb5f53921d99c8e00bf43d95de847a78b8151f66e","previewed"
"segments/M-combat-lossCompressionPercent-b12000.json","M","M-combat-lossCompressionPercent.json","60","120","240000","240000","D1|D2|D3|D4|D5","a0316cd3105b0928be3a11579896e4c948bf47c843dd81b7341c1a57795f624b","previewed"
"segments/M-combat-lossCompressionPercent-b120000.json","M","M-combat-lossCompressionPercent.json","60","120","240000","240000","D1|D2|D3|D4|D5","6f4ec7121da1b3953eadd7eabb84f4a9355518fc19f0fdc8d7f9ab3b5e34e1c4","previewed"
"segments/M-combat-lossCompressionPercent-b360000.json","M","M-combat-lossCompressionPercent.json","60","120","240000","240000","D1|D2|D3|D4|D5","23feaeacee9ea11cf97a0f62d50f42a35f691045190fea63a51e904d0646e130","previewed"
"segments/M-combat-maxRounds-b12000.json","M","M-combat-maxRounds.json","70","140","280000","280000","D1|D2|D3|D4|D5","4395db946858dd823f766edb7c5fbcea7b3172ed530bef69c46c427d5cbd5759","previewed"
"segments/M-combat-maxRounds-b120000.json","M","M-combat-maxRounds.json","70","140","280000","280000","D1|D2|D3|D4|D5","0005fba7fef797bda75a51e7c46a5ccb532bc479f275dfe8455c70f3c0107d1e","previewed"
"segments/M-combat-maxRounds-b360000.json","M","M-combat-maxRounds.json","70","140","280000","280000","D1|D2|D3|D4|D5","60db9268f77f2292defe48d8ee32c83acf63020dbc046494a4fc420efb4b581a","previewed"
"segments/M-combat-surrender-b12000.json","M","M-combat-surrender.json","80","160","320000","320000","D1|D2|D3|D4|D5","1a98c56cd9daab6246b82844c388d0ecf900740e0403d5061b250d91c1ce60a4","previewed"
"segments/M-combat-surrender-b120000.json","M","M-combat-surrender.json","80","160","320000","320000","D1|D2|D3|D4|D5","90c151c6547dd61136ca9dff30a18efce07ec9fde8cfab326f1ba0a16608c4f1","previewed"
"segments/M-combat-surrender-b360000.json","M","M-combat-surrender.json","80","160","320000","320000","D1|D2|D3|D4|D5","397d3be17d165767874fa1d1707b5ec921b067a2520e7cb3434dc6f61ed2f8a9","previewed"
"segments/M-combat-woundDamageThreshold-b12000.json","M","M-combat-woundDamageThreshold.json","90","180","360000","360000","D1|D2|D3|D4|D5","2247b85b90c4571ca62ec28d2af5eb2e5ea6b66f5a51eb9c068ca31c6319af00","previewed"
"segments/M-combat-woundDamageThreshold-b120000.json","M","M-combat-woundDamageThreshold.json","90","180","360000","360000","D1|D2|D3|D4|D5","f6db4b315dce021e71b5ed3a48031a8ed97a35bf96c4a91ce93b98d8a3c78df9","previewed"
"segments/M-combat-woundDamageThreshold-b360000.json","M","M-combat-woundDamageThreshold.json","90","180","360000","360000","D1|D2|D3|D4|D5","ad5d7d0ef11c176fe082ba11797faf76702efa3e6f374610c52c314de4d12170","previewed"
"E-add-archer.json","E","","84","168","336000","336000","M","311039915235fd4abd451d66367fd1d13015a9cfb41b3b6d21c498e6e3c24856","previewed"
"E-add-knight.json","E","","84","168","336000","336000","M","c83d787c843bdd67b177c1f69cd6cb44240dfb6cf72821dbe7dcb79bd83cef7a","previewed"
"E-add-spearman.json","E","","84","168","336000","336000","M","b810673868667038478643644a9581428d81af4e03ecd90aa203494aabf59407","previewed"
"E-replace-archer.json","E","","120","240","480000","480000","M","da632e5408718b41ca35054f8d0e65b2df6b34b90ee4a8d3fd6dd93000c516e9","previewed"
"E-replace-knight.json","E","","120","240","480000","480000","M","e0a66bf03ba05e31b7fb257ed7c5c64149bcb88573393c39456e557d611dcaf3","previewed"
"E-replace-spearman.json","E","","120","240","480000","480000","M","0fd13aaca39f6a579bf28c8b4d07e334803bd750d85b065be60e88dd67a117a3","previewed"
"X-archer-cut.json","X","","105","210","420000","420000","M","4fdb0a8eabacb97dca0fa1c2ab0c3f45040117905dad402864f579be27d39d58","previewed"
"segments/X-simplex-b12000-vs-archer.json","X","X-simplex.json","35","70","140000","140000","M","098c90909399c00f756b76c232ee0c5917ef1154abf7b65d4915d239c209417c","previewed"
"segments/X-simplex-b12000-vs-balanced.json","X","X-simplex.json","35","70","140000","140000","M","8dba7e7ca813aa0174ee34a867c6a64a0d3ff9facd8fee1fe26c3c712393383f","previewed"
"segments/X-simplex-b12000-vs-knight.json","X","X-simplex.json","35","70","140000","140000","M","ea87b7fd3f84ecadf716355826190d4da99b46842d09cb86ebf778a597417c3b","previewed"
"segments/X-simplex-b12000-vs-soldier.json","X","X-simplex.json","35","70","140000","140000","M","d8d6110eda9cecfc94c504cdf15f834ef2c8408b09f547b65d0d5e19ea90fd76","previewed"
"segments/X-simplex-b12000-vs-spearman.json","X","X-simplex.json","35","70","140000","140000","M","4e8b8be19fcd094697ab7a859485de94209fa954106b8276b53ddff2533b685d","previewed"
"segments/X-simplex-b120000-vs-archer.json","X","X-simplex.json","35","70","140000","140000","M","8f6732100c38bfb3882962467d331f76ed45c0558e3660362be442d5253bbad1","previewed"
"segments/X-simplex-b120000-vs-balanced.json","X","X-simplex.json","35","70","140000","140000","M","fb98dc51491aceafc77ed613b3aa1ff59797a6ce430575b7fc6bb12cbecab624","previewed"
"segments/X-simplex-b120000-vs-knight.json","X","X-simplex.json","35","70","140000","140000","M","a1f14a56e04e6229e9bfed5db5729572eac4da3e4803198dc9b12d8935a3cc7f","previewed"
"segments/X-simplex-b120000-vs-soldier.json","X","X-simplex.json","35","70","140000","140000","M","e5e2a96f25672bf1dcc571626a5946739dcae28c58a9743da67727a6c88729ba","previewed"
"segments/X-simplex-b120000-vs-spearman.json","X","X-simplex.json","35","70","140000","140000","M","540b3db6841651b0f7cde729b1fbf7af861617cbbdc16c5890366f96429820c0","previewed"
"segments/X-simplex-b360000-vs-archer.json","X","X-simplex.json","35","70","140000","140000","M","af4539a9f6af9788d6026960b3d7e8198d9ae9a1941f9dbe9cedc80e005936c9","previewed"
"segments/X-simplex-b360000-vs-balanced.json","X","X-simplex.json","35","70","140000","140000","M","2fb3a20858a9e738b884fddf9fe03613043e2ca5d066a2699e68740de0ad44b9","previewed"
"segments/X-simplex-b360000-vs-knight.json","X","X-simplex.json","35","70","140000","140000","M","3fee42a559a05cdf4848da8ce73a89e4ef7413d575f0082e6a8d930fd0233950","previewed"
"segments/X-simplex-b360000-vs-soldier.json","X","X-simplex.json","35","70","140000","140000","M","bc4f34e781bd634dfe6ce00b0f3eaab21979a5182349407b37606e51b06e7dd4","previewed"
"segments/X-simplex-b360000-vs-spearman.json","X","X-simplex.json","35","70","140000","140000","M","894ccff9338f4bd309a17789b5c5d67fbbca6db31e96952c70afea0e8e712409","previewed"
"M-weather-preset-blizzard.json","W","","90","180","360000","360000","D1|D2|D3|D4|D5","a6a2a9501215c7bf76c872eab8b18e6626dd5d8c0050973f16f35abe93c4a8a4","previewed"
"M-weather-preset-canicule.json","W","","90","180","360000","360000","D1|D2|D3|D4|D5","c647db4c6fcc5557be428f3e0d11ab01dd783f60dd5c710724aed9cd1288553a","previewed"
"M-weather-preset-cloudy.json","W","","90","180","360000","360000","D1|D2|D3|D4|D5","f264bbbdde218b838bf7f537675658cfc07ce299ad1795ea30f649dbf715d8ae","previewed"
"M-weather-preset-heat.json","W","","90","180","360000","360000","D1|D2|D3|D4|D5","0bffc224fd948293de2b01ec45ee4dcb68d27490925ff5a356307cc87359fbe7","previewed"
"M-weather-preset-neutral.json","W","","90","180","360000","360000","D1|D2|D3|D4|D5","fd4f9bafe85cd77f4e959748424d0c890e7ad22a81d18907d0633553a3effd55","previewed"
"M-weather-preset-rain.json","W","","90","180","360000","360000","D1|D2|D3|D4|D5","c63328e871dc268fef3f3b8037785fec111c50a9cb692a87e2343d14000b5c00","previewed"
"M-weather-preset-snow.json","W","","90","180","360000","360000","D1|D2|D3|D4|D5","75781f87c9940fcfce6ed665d59cb710769d2ab9f81eca6f5cf99304a82f48d1","previewed"
"M-weather-preset-storm.json","W","","90","180","360000","360000","D1|D2|D3|D4|D5","f623fc2040c1554e4637b64d0d126b91f7267d6db4d757a427b8ed4f680484e8","previewed"
"M-weather-preset-thunderstorm.json","W","","90","180","360000","360000","D1|D2|D3|D4|D5","1ee0f33a3953757da7528a709b1782020ddd70f11fd2fb93bfc027b8284fe70c","previewed"
"M-weather-preset-wind.json","W","","90","180","360000","360000","D1|D2|D3|D4|D5","85dbb8eedb64b387a53233780b773b0c0f3bdb98839658e861a43e920bbded2e","previewed"
"W-factor-blizzard-archer-attack.json","W","","72","144","288000","288000","D1|D2|D3|D4|D5","c7f613101bd3b1b7334e97d82ff1289bdd74de7c309ad35a0af42502fc9a1735","previewed"
"W-factor-blizzard-archer-baseAccuracy.json","W","","72","144","288000","288000","D1|D2|D3|D4|D5","aa29cfdabd5424dccbafa76d61593d6ec5501589e1f74609e805381bd268f522","previewed"
"W-factor-blizzard-knight-attack.json","W","","72","144","288000","288000","D1|D2|D3|D4|D5","995827a0265bc052f0af2dd33319cf84fafa9d97ec86d57dcad9065333e179da","previewed"
"W-factor-blizzard-knight-baseAccuracy.json","W","","72","144","288000","288000","D1|D2|D3|D4|D5","a5bea4e8e6916076708fd0da646ccc01d52df4a82e5d2d3c3dcc5a59ca231c60","previewed"
"W-factor-blizzard-soldier-attack.json","W","","72","144","288000","288000","D1|D2|D3|D4|D5","3f5952d76f2d5737f19784f23d6507259007a0bce9653e17370f7d608eabb5e9","previewed"
"W-factor-blizzard-soldier-baseAccuracy.json","W","","72","144","288000","288000","D1|D2|D3|D4|D5","7d747b81d13f67c42dba1b8234a2804348c258a3a2ddad23f5d5a588311f1b5e","previewed"
"W-factor-blizzard-spearman-attack.json","W","","72","144","288000","288000","D1|D2|D3|D4|D5","c61ed7a914d840440b350d7278157f9ab3476c6204e6d4639e64631208d804f6","previewed"
"W-factor-blizzard-spearman-baseAccuracy.json","W","","72","144","288000","288000","D1|D2|D3|D4|D5","fe8f45961e7375ca7dcbecef3e7925b67fbb5db3b7d5c70e434cdf022df62da2","previewed"
"W-factor-canicule-archer-attack.json","W","","72","144","288000","288000","D1|D2|D3|D4|D5","e00e718ada6575a847a9dbf44f1ed433983c4d4de8b5eb361a188dd31a79d827","previewed"
"W-factor-canicule-archer-baseAccuracy.json","W","","72","144","288000","288000","D1|D2|D3|D4|D5","5a8b079986ce7fb887e6904bd8540a947936c326d1b1586aac5fedadae67babd","previewed"
"W-factor-canicule-knight-attack.json","W","","72","144","288000","288000","D1|D2|D3|D4|D5","5ca47dc6e709db7dc87bb859140e2e684d671567c985b1affaf8495600a79932","previewed"
"W-factor-canicule-knight-baseAccuracy.json","W","","72","144","288000","288000","D1|D2|D3|D4|D5","243ebd132e0c64cefd8e438c0efa7701532d780a52abb1a859f4bcef5f1341cc","previewed"
"W-factor-canicule-soldier-attack.json","W","","72","144","288000","288000","D1|D2|D3|D4|D5","6fd6392b98f32bdd2649792f67d8d9598dff3a1b682c4938b31677213d3f525d","previewed"
"W-factor-canicule-soldier-baseAccuracy.json","W","","72","144","288000","288000","D1|D2|D3|D4|D5","87f78afcc790677aaa656430f1886d85d343f6f3762d25e317944086360907ff","previewed"
"W-factor-canicule-spearman-attack.json","W","","72","144","288000","288000","D1|D2|D3|D4|D5","4a47cb604812f0cab3b2fb79f0a9df12bccfae35fa45d246ad79173bdc0385ce","previewed"
"W-factor-canicule-spearman-baseAccuracy.json","W","","72","144","288000","288000","D1|D2|D3|D4|D5","46d71c4c2d2e6b197a31ce212984b9ecc023ee5f12e0927e34109ea4b7eaa70c","previewed"
"W-factor-cloudy-archer-attack.json","W","","72","144","288000","288000","D1|D2|D3|D4|D5","3adffdb7e0cd388cb07a4740a30b6b2f2f11886e065eb0111aa5bfd0ea1371c3","previewed"
"W-factor-cloudy-archer-baseAccuracy.json","W","","72","144","288000","288000","D1|D2|D3|D4|D5","8b254e57a2b4b4ce6991f5ddae298df159d57261c393e08d90af89492efd96ce","previewed"
"W-factor-cloudy-knight-attack.json","W","","72","144","288000","288000","D1|D2|D3|D4|D5","a332ab54fb1056b6503483c50a28d3db2a6d6cfa8b5516cf50d084361f4ae49d","previewed"
"W-factor-cloudy-knight-baseAccuracy.json","W","","72","144","288000","288000","D1|D2|D3|D4|D5","f9e19c4930aa680e82230870e616f5ca149f2e388c49cb9db159e80f1b423d47","previewed"
"W-factor-cloudy-soldier-attack.json","W","","72","144","288000","288000","D1|D2|D3|D4|D5","397bdb6caa0e568d4599690ff909ce9c3af1dc8cc1d4f02ffeb3880412ff6288","previewed"
"W-factor-cloudy-soldier-baseAccuracy.json","W","","72","144","288000","288000","D1|D2|D3|D4|D5","34b3380a7fecb22dd97af37d942015a0d3a9514cc789a93a00d29dc44ee33a45","previewed"
"W-factor-cloudy-spearman-attack.json","W","","72","144","288000","288000","D1|D2|D3|D4|D5","4f83c9568cbba68695e1719b31090ee873b9b6a99f390435ab0624191ca7a49e","previewed"
"W-factor-cloudy-spearman-baseAccuracy.json","W","","72","144","288000","288000","D1|D2|D3|D4|D5","83b4efd88dc67e2596047bd45e5d074792ecbbf159ffee2e5e701a0fb4a8d1e2","previewed"
"W-factor-heat-archer-attack.json","W","","72","144","288000","288000","D1|D2|D3|D4|D5","edd2e004266ee1a71e2568ff78d678ff4401c5df4e0466b7165e33a3099c8973","previewed"
"W-factor-heat-archer-baseAccuracy.json","W","","72","144","288000","288000","D1|D2|D3|D4|D5","2b128c5e15a6c74c24a642082d5e1be86dadd210a8c563e58e43238f7ecb25e7","previewed"
"W-factor-heat-knight-attack.json","W","","72","144","288000","288000","D1|D2|D3|D4|D5","dfdd88f9e67c2216a915259ac1dba18bd03f2225e3bd4b59b95be903473ee4a4","previewed"
"W-factor-heat-knight-baseAccuracy.json","W","","72","144","288000","288000","D1|D2|D3|D4|D5","9dd5088e0c951203f5e6ddbd026c2c4f7d2f21feb58013eca2bfb286b872eaca","previewed"
"W-factor-heat-soldier-attack.json","W","","72","144","288000","288000","D1|D2|D3|D4|D5","21322c05fb2ef858257781358505824252b18d10d62e130861ce58edc2fdf249","previewed"
"W-factor-heat-soldier-baseAccuracy.json","W","","72","144","288000","288000","D1|D2|D3|D4|D5","24d5a924931b9f0682ddd1d1b3850167c29b74e52be52b34f063035588c936ae","previewed"
"W-factor-heat-spearman-attack.json","W","","72","144","288000","288000","D1|D2|D3|D4|D5","4fa96bfe33f3af1500a95298da984ff6abac9a13d62c9d870fd81b22de86fa94","previewed"
"W-factor-heat-spearman-baseAccuracy.json","W","","72","144","288000","288000","D1|D2|D3|D4|D5","0f87572b39a1f003bed60f5468e46ea8f8987d4b1c33c17085486e061d9e47b7","previewed"
"W-factor-neutral-archer-attack.json","W","","72","144","288000","288000","D1|D2|D3|D4|D5","ae8fea67d9bfe7e6a02b8c02d43fde376d86bcf5a8bb3c862254556a7e6b225b","previewed"
"W-factor-neutral-archer-baseAccuracy.json","W","","72","144","288000","288000","D1|D2|D3|D4|D5","2e6138c1281149c2c1b13ee063d18b3567a0e30e9e2e742cd51600f51d4b51f5","previewed"
"W-factor-neutral-knight-attack.json","W","","72","144","288000","288000","D1|D2|D3|D4|D5","c29f32c8f68d03e1061448256b46c26b16a9351ada65bd4aa4a036c7bddd2f17","previewed"
"W-factor-neutral-knight-baseAccuracy.json","W","","72","144","288000","288000","D1|D2|D3|D4|D5","f02a3828c16c9b14326c495209082b8992029497e25fa6d35686b77a821d61f1","previewed"
"W-factor-neutral-soldier-attack.json","W","","72","144","288000","288000","D1|D2|D3|D4|D5","cdc92233361f889937e92a1fd5e01da1a2465781b1e0245ceef37cd49e863003","previewed"
"W-factor-neutral-soldier-baseAccuracy.json","W","","72","144","288000","288000","D1|D2|D3|D4|D5","6c0eef8503bb8d8c1d2ad6bcd03b65b5b8526ce05173a55c0cae489e5eaad56f","previewed"
"W-factor-neutral-spearman-attack.json","W","","72","144","288000","288000","D1|D2|D3|D4|D5","0617ec5859d318191e6e15129b451b83ca4da33280fea109c580e123feb9b532","previewed"
"W-factor-neutral-spearman-baseAccuracy.json","W","","72","144","288000","288000","D1|D2|D3|D4|D5","742b0721943a824ad9b32ded13867d499628ae8975c61e48f35bfe292d3b5c9b","previewed"
"W-factor-rain-archer-attack.json","W","","72","144","288000","288000","D1|D2|D3|D4|D5","7b662f116f4c2c34cd3fb8a81dd918337a46d56c8dae2ec88da121e5a2922b2e","previewed"
"W-factor-rain-archer-baseAccuracy.json","W","","72","144","288000","288000","D1|D2|D3|D4|D5","b5c5c588250651d7ab35726b9a7e7058366c86d47ec62d0d191ec04602280f6e","previewed"
"W-factor-rain-knight-attack.json","W","","72","144","288000","288000","D1|D2|D3|D4|D5","d2727ac97fe67a06eeae7e1523b0e912d5ce0c83a9a87cf3f2b95aa5f68a2237","previewed"
"W-factor-rain-knight-baseAccuracy.json","W","","72","144","288000","288000","D1|D2|D3|D4|D5","ca68769aa632433944bc7cbd8527ba8eaf59643c7b0f6fbd3757ed5222b17cdd","previewed"
"W-factor-rain-soldier-attack.json","W","","72","144","288000","288000","D1|D2|D3|D4|D5","e6541bfd1af18824a2d7a4632bf45ea7fa56d23301057c1e0c7fa8c22c7484a0","previewed"
"W-factor-rain-soldier-baseAccuracy.json","W","","72","144","288000","288000","D1|D2|D3|D4|D5","89368a4c677138ceb210acc29e048c0137ca203bfd51ca85758f1d7dbe3cae25","previewed"
"W-factor-rain-spearman-attack.json","W","","72","144","288000","288000","D1|D2|D3|D4|D5","022192eab38e0006c5ce92430ad650ecdcd04d0808ea0118a80485ea5de68425","previewed"
"W-factor-rain-spearman-baseAccuracy.json","W","","72","144","288000","288000","D1|D2|D3|D4|D5","14fe8e12d64cfa0c80483d797dd50d02855f335b098c0540b00e66a074432bac","previewed"
"W-factor-snow-archer-attack.json","W","","72","144","288000","288000","D1|D2|D3|D4|D5","62d7637fc6a22cf0484a612365f939e10e69c8dc09f6631fe2590f761c8b183e","previewed"
"W-factor-snow-archer-baseAccuracy.json","W","","72","144","288000","288000","D1|D2|D3|D4|D5","aa3c9538d5973f704822a631d843a4d7b0082d4403e2e53ab536869e34d326e2","previewed"
"W-factor-snow-knight-attack.json","W","","72","144","288000","288000","D1|D2|D3|D4|D5","0dbd7f5470778634faa1d22269c07587355e8418793462263e694a4fa5a4f83f","previewed"
"W-factor-snow-knight-baseAccuracy.json","W","","72","144","288000","288000","D1|D2|D3|D4|D5","8c1a659c7600676f663771e7a4fe9804241486378a827afc983f7f99a73d30a8","previewed"
"W-factor-snow-soldier-attack.json","W","","72","144","288000","288000","D1|D2|D3|D4|D5","0270cd105990c6851f023df9d8a7fc04df6bf19fe6ff2a13a6be83c2285e142e","previewed"
"W-factor-snow-soldier-baseAccuracy.json","W","","72","144","288000","288000","D1|D2|D3|D4|D5","c33acbf02d216ce2b259c1e8b88c04209f4182af63092df1ca98431b79780f66","previewed"
"W-factor-snow-spearman-attack.json","W","","72","144","288000","288000","D1|D2|D3|D4|D5","3f447c93504921756d4a17fad9eadcbc2f2ad8a7f3eb6946e00d9cd8ec1830ea","previewed"
"W-factor-snow-spearman-baseAccuracy.json","W","","72","144","288000","288000","D1|D2|D3|D4|D5","8756e80d71e8265dd5d0668b3b94bd5628d35dfa076a0f7e056b0ffcfa538757","previewed"
"W-factor-storm-archer-attack.json","W","","72","144","288000","288000","D1|D2|D3|D4|D5","bf30cdb3a7db9fa6be04922b5ca7e1801124725ebbd95437a109976161dfdac2","previewed"
"W-factor-storm-archer-baseAccuracy.json","W","","72","144","288000","288000","D1|D2|D3|D4|D5","fba9922e61594b450bcc99bfd2c49bbc4ceff587f64dd081eed73fb16c71819d","previewed"
"W-factor-storm-knight-attack.json","W","","72","144","288000","288000","D1|D2|D3|D4|D5","5527b7fa4e8bcda6879a5dceeb9ba96dbb1f44cbb4c9c4316272144d40058cdd","previewed"
"W-factor-storm-knight-baseAccuracy.json","W","","72","144","288000","288000","D1|D2|D3|D4|D5","a140d6491229cda943cf30f0f66343a5a45522139fa16819a23d033e890821fa","previewed"
"W-factor-storm-soldier-attack.json","W","","72","144","288000","288000","D1|D2|D3|D4|D5","91462e044d489aa3bae5177f71f2f06736858699d5a12e12edae4ae5610e711c","previewed"
"W-factor-storm-soldier-baseAccuracy.json","W","","72","144","288000","288000","D1|D2|D3|D4|D5","b9157ded7ecaa870c57931fee9adb9d36c96dcdba674c86f3e119ac21db856b4","previewed"
"W-factor-storm-spearman-attack.json","W","","72","144","288000","288000","D1|D2|D3|D4|D5","09c483841d0d2a547365b233f9603cb0c49818b303863c0428894e07e682d03e","previewed"
"W-factor-storm-spearman-baseAccuracy.json","W","","72","144","288000","288000","D1|D2|D3|D4|D5","bc065abac7a699e254913a7f53f0e39c521bd8a62f05f1db3f672febc5804534","previewed"
"W-factor-thunderstorm-archer-attack.json","W","","72","144","288000","288000","D1|D2|D3|D4|D5","fdc3bc0602d50ef494281a026ad7825334a419d3767e8bcfe671a7ac0c274039","previewed"
"W-factor-thunderstorm-archer-baseAccuracy.json","W","","72","144","288000","288000","D1|D2|D3|D4|D5","70142634d6fb36482ebed2c1a2b96c1f0e1c5d6672d159adf9178733d1be9e9f","previewed"
"W-factor-thunderstorm-knight-attack.json","W","","72","144","288000","288000","D1|D2|D3|D4|D5","5a48234594e26126d6b601f3353dcf0fc3c5f282ac8ef209cc77d9940270caac","previewed"
"W-factor-thunderstorm-knight-baseAccuracy.json","W","","72","144","288000","288000","D1|D2|D3|D4|D5","db4162a14c35c72d858df6e2c6eb26df3beb6c85654dd23be4153975cc1890df","previewed"
"W-factor-thunderstorm-soldier-attack.json","W","","72","144","288000","288000","D1|D2|D3|D4|D5","c2423e74921e792f5d27912fc77dd7c963a45b55eaf0242f69d50938da3edc8e","previewed"
"W-factor-thunderstorm-soldier-baseAccuracy.json","W","","72","144","288000","288000","D1|D2|D3|D4|D5","40b695255e7672fb3acd32830b986576d2af8eeda05d97f397360e617dc5ed83","previewed"
"W-factor-thunderstorm-spearman-attack.json","W","","72","144","288000","288000","D1|D2|D3|D4|D5","cab090e846bdb0be4ac952e384ea374cf9ad6a2216967c11941aa0a846921abf","previewed"
"W-factor-thunderstorm-spearman-baseAccuracy.json","W","","72","144","288000","288000","D1|D2|D3|D4|D5","b69380de98ba7f8734319020cfb3a292d9582c1736593a61b2fcf7ba14c828e3","previewed"
"W-factor-wind-archer-attack.json","W","","72","144","288000","288000","D1|D2|D3|D4|D5","eddfff19616da94065cdfcaead7af6917349623c94cb91884e2b5a47727efa72","previewed"
"W-factor-wind-archer-baseAccuracy.json","W","","72","144","288000","288000","D1|D2|D3|D4|D5","63905e73f214025d6bf04cd17acd997e3fee9413f4c7baa5a2aae8820ea4f259","previewed"
"W-factor-wind-knight-attack.json","W","","72","144","288000","288000","D1|D2|D3|D4|D5","bd9284f8aa592935e81ec5ec850fbc8218609c0d88225a3613a0f183e8a623f8","previewed"
"W-factor-wind-knight-baseAccuracy.json","W","","72","144","288000","288000","D1|D2|D3|D4|D5","c71ff089def79f5ec7758867f57ae1688f2b1fef0ff4dbc147192cfd002acad5","previewed"
"W-factor-wind-soldier-attack.json","W","","72","144","288000","288000","D1|D2|D3|D4|D5","44ce9ad5418ed926e2a06b0b97ffa8f2725c9d230edc8efb821260ad6ba3d21e","previewed"
"W-factor-wind-soldier-baseAccuracy.json","W","","72","144","288000","288000","D1|D2|D3|D4|D5","9f8ec85d0b090a6c052796c759c79d4b18946eaf4f5b74f66c4598688ecbb6f5","previewed"
"W-factor-wind-spearman-attack.json","W","","72","144","288000","288000","D1|D2|D3|D4|D5","aa560cf7007343ff7a598c2847da5d2bbb862066eb425f60e7875458a2d5d965","previewed"
"W-factor-wind-spearman-baseAccuracy.json","W","","72","144","288000","288000","D1|D2|D3|D4|D5","e453393491ae847fb7f030ed281ae5ecf83aa1dac7bb1155c89d7fb75e64c943","previewed"
